block,43,3,84
block,16,2,92
block,55,-3,87
block,-13,-1,54
block,-7,-1,53
breakableBlock,6,5,36
block,48,3,85
block,29,-3,88
block,-5,1,31
block,9,1,7
block,-10,1,40
block,28,3,90
block,38,-3,83
block,54,3,90
block,23,3,83
block,30,-2,83
breakableBlock,9,9,36
block,49,-3,86
block,6,1,-13
breakableBlock,0,7,30
block,25,-2,92
block,36,3,91
block,13,-3,83
block,-10,1,-8
block,22,3,89
block,32,-3,86
block,29,3,85
block,-4,-2,64
block,5,0,48
block,-12,1,-7
block,5,1,21
block,3,1,44
block,-12,-2,72
block,23,-2,92
block,-13,0,49
block,24,1,92
block,50,-3,89
block,44,-3,87
block,-9,-1,59
block,0,1,26
block,-5,1,44
breakableBlock,-6,6,30
block,43,-4,84
block,42,-4,91
block,5,-2,65
block,38,-4,84
block,66,-2,88
block,46,-3,87
block,-12,1,12
tree,-6,2,-25
block,29,-4,90
block,-1,0,46
block,8,1,28
block,-11,0,51
block,-7,-1,54
block,33,0,83
block,25,3,90
block,1,0,51
block,1,-1,63
block,33,-4,84
block,65,-3,84
block,8,-2,69
block,4,1,8
tree,4,2,-25
block,-6,1,37
block,27,-3,83
block,3,1,-3
breakableBlock,-14,11,30
block,-5,-2,68
block,27,-3,89
block,3,1,-18
block,6,0,50
block,41,-1,92
block,-8,1,39
block,4,-1,60
block,-1,1,-13
block,68,-3,91
block,1,-3,74
breakableBlock,6,10,31
block,-7,1,-15
block,4,1,27
block,-10,-1,52
block,-10,1,39
block,16,-3,88
breakableBlock,-1,4,31
block,-8,0,51
breakableBlock,0,8,36
block,-1,1,39
block,-12,1,36
block,33,-3,89
block,-11,1,13
block,43,-3,92
block,52,-4,84
block,2,1,10
block,44,3,85
breakableBlock,-13,4,30
block,40,1,92
block,1,-3,73
breakableBlock,2,8,31
breakableBlock,0,5,31
block,7,1,25
block,13,1,92
block,-4,1,43
block,70,-3,93
block,1,-3,83
block,9,-3,81
block,-10,1,5
block,42,3,86
block,-4,1,-2
block,6,1,5
block,-14,-1,59
block,5,1,-6
block,17,-2,83
block,-13,1,4
block,59,-3,89
block,42,3,84
block,40,0,92
block,57,-3,88
block,-13,0,46
breakableBlock,-12,10,31
block,10,3,92
breakableBlock,-3,2,31
block,50,-4,84
block,0,1,-20
breakableBlock,-13,2,30
block,47,0,83
block,-14,-1,60
breakableBlock,8,10,36
block,4,-1,53
block,44,-3,86
block,-2,0,51
breakableBlock,-4,7,30
block,-7,1,-8
breakableBlock,-10,11,30
block,3,0,51
block,7,1,12
block,19,-3,92
block,-9,1,19
breakableBlock,-5,8,36
block,28,-1,83
block,20,3,86
block,47,-2,92
block,9,-3,75
block,0,1,34
block,-8,-3,80
block,64,-3,90
block,-1,1,-22
breakableBlock,-14,7,30
block,16,1,92
breakableBlock,-10,8,30
block,12,-1,83
block,52,-3,87
block,-4,1,-17
block,11,-2,92
block,14,-3,92
block,5,1,39
block,-3,1,20
block,-9,1,-25
block,6,0,46
breakableBlock,-5,6,31
block,5,-3,88
breakableBlock,-9,9,31
block,17,1,92
tree,7,2,-20
block,32,3,90
block,-4,-1,63
breakableBlock,7,9,36
block,-10,-1,56
block,-11,1,35
block,34,-4,90
block,2,1,-13
block,-2,1,36
block,-14,1,40
breakableBlock,-2,2,31
block,-4,1,26
block,-3,1,-9
block,48,-2,83
block,68,-3,89
block,55,-3,88
block,5,1,3
block,39,3,90
block,-6,1,8
block,-2,-3,84
block,2,-3,81
block,55,-1,92
block,-9,1,4
block,3,1,8
block,-5,1,-10
block,-14,-2,72
block,5,-2,70
block,61,-3,85
block,13,2,92
breakableBlock,2,11,31
block,50,3,85
block,1,1,-20
block,3,1,16
block,22,3,91
breakableBlock,1,3,31
block,-1,1,44
breakableBlock,-4,6,31
block,5,1,37
block,-2,1,22
breakableBlock,-1,9,36
block,32,3,84
block,43,3,87
block,47,1,83
block,8,1,-6
block,51,-4,84
breakableBlock,6,11,36
block,-7,0,51
block,35,3,92
block,68,-3,92
block,54,1,83
block,13,-4,84
breakableBlock,-2,2,30
block,10,-2,83
block,3,1,41
block,56,3,91
block,9,1,20
block,-7,1,-13
breakableBlock,-3,11,31
breakableBlock,-11,5,36
block,37,-4,90
breakableBlock,-2,3,31
breakableBlock,-11,3,30
block,-8,1,21
block,-7,1,-3
block,-12,-3,81
block,4,1,9
block,12,-4,90
block,6,-3,87
block,53,-4,85
block,20,-3,83
block,29,0,83
breakableBlock,0,4,31
block,-13,1,12
breakableBlock,-4,8,36
block,-2,1,-2
block,57,2,92
block,-12,1,42
block,2,1,43
block,33,-3,88
block,54,0,83
block,57,3,88
block,38,-4,90
block,21,2,83
block,-14,1,19
block,9,1,6
block,57,-4,85
block,-1,1,-16
breakableBlock,2,10,36
breakableBlock,0,6,36
block,46,1,83
block,-13,-2,72
block,22,2,92
block,5,-3,76
breakableBlock,1,6,36
block,0,-1,63
block,35,-1,83
block,29,3,83
block,61,-3,87
block,53,-3,86
block,4,-1,55
breakableBlock,-8,8,31
block,-1,-1,61
block,11,-3,89
block,13,3,84
block,25,-3,92
block,-12,-3,73
block,32,-2,92
block,-14,-2,67
block,3,0,49
block,44,0,83
block,-6,1,-24
breakableBlock,-8,9,30
block,6,-1,57
block,27,-4,91
block,41,3,85
block,5,-3,78
block,-14,1,23
block,8,1,16
block,0,-1,53
block,-10,-3,80
block,8,1,3
block,-9,1,-23
block,24,2,92
block,-12,-3,85
block,2,-1,61
block,62,-3,86
block,14,0,92
block,5,1,-23
block,45,-3,83
block,54,3,86
block,-12,-1,63
block,-4,1,-5
block,33,2,83
block,55,-3,86
block,39,3,91
block,-12,-1,58
block,25,-4,90
block,16,-1,92
block,17,-3,87
block,24,-3,89
breakableBlock,4,6,31
block,-12,-3,79
block,-10,1,7
block,2,1,-18
block,-5,1,26
block,-1,-3,90
block,2,1,16
block,12,3,85
block,-12,1,37
block,-9,-3,91
block,-8,1,-20
block,-8,-3,91
block,0,1,39
block,-10,1,45
block,-14,1,15
breakableBlock,3,4,30
block,58,-3,86
block,18,3,87
breakableBlock,-5,8,31
block,1,-2,64
block,4,1,33
block,-7,1,42
breakableBlock,2,6,36
block,0,1,24
block,6,1,12
breakableBlock,-1,4,36
block,66,-3,83
block,38,3,92
block,9,1,-7
breakableBlock,-6,8,31
block,18,-3,83
block,4,-3,83
block,8,-3,78
block,42,2,83
block,-14,1,-7
block,0,-1,62
block,-7,0,47
block,5,-1,56
block,-14,1,37
block,-4,-3,73
block,-11,-1,53
block,43,-3,87
block,15,-4,90
block,14,-4,90
breakableBlock,-14,7,36
block,10,0,92
block,8,-3,75
block,-4,1,42
block,6,-1,61
block,-2,-3,82
block,-5,-1,61
block,-12,1,-13
block,9,0,51
block,0,-3,78
block,42,-3,86
block,0,1,5
block,17,-3,86
block,4,-1,57
block,4,-1,61
block,-2,-3,80
block,-11,1,32
block,-14,1,3
block,40,3,90
block,27,-4,85
block,12,-4,84
block,-3,1,-13
breakableBlock,-12,2,36
block,-8,1,-16
block,7,1,11
block,24,-1,83
breakableBlock,5,7,36
block,48,3,83
block,-9,1,21
block,7,-1,61
block,3,1,-6
breakableBlock,-7,9,36
block,-3,1,37
block,9,-1,60
block,-10,1,-17
block,57,-3,92
block,8,-3,90
block,38,-3,86
block,33,-3,86
block,-6,1,-7
block,13,-3,86
block,-1,0,50
block,39,0,83
block,43,3,89
block,-6,-2,65
breakableBlock,3,10,36
block,8,-3,81
block,-8,1,35
breakableBlock,-10,7,31
breakableBlock,-5,9,30
block,7,-3,88
block,-14,1,27
block,69,-3,86
block,28,-4,91
block,2,1,24
block,17,3,84
block,8,-2,68
block,-8,-1,56
block,2,-1,55
breakableBlock,6,4,31
block,-11,1,-17
block,5,1,-5
breakableBlock,-3,2,36
block,15,3,89
block,56,0,83
block,-10,0,47
breakableBlock,9,11,31
block,50,3,91
block,4,1,-5
breakableBlock,-4,11,30
breakableBlock,-7,2,36
block,-13,-3,74
block,8,-3,86
block,48,1,92
block,6,1,-7
block,-9,-3,79
breakableBlock,4,7,31
block,2,1,36
block,25,3,85
block,0,1,7
block,0,1,2
block,-10,1,28
block,7,-1,57
block,22,3,90
block,7,1,-16
block,4,1,30
breakableBlock,5,8,31
block,-1,1,31
block,-12,1,-2
block,53,2,83
block,7,1,14
block,30,-3,86
block,9,-1,55
breakableBlock,6,11,31
block,-12,1,25
breakableBlock,9,7,31
block,14,2,83
block,-8,-1,63
block,20,3,83
block,-7,1,41
block,-10,1,27
block,5,1,30
block,55,3,87
block,0,1,-8
block,43,-2,83
block,-13,1,8
block,51,-2,83
block,-1,-2,69
block,11,-4,91
block,9,0,46
block,-13,1,16
block,49,-3,88
block,25,0,92
block,5,-2,72
breakableBlock,-7,8,30
block,-6,-3,85
block,8,1,-3
block,-6,-2,66
block,-9,1,-21
tree,-8,2,-25
block,1,1,-11
block,5,-1,62
block,32,-3,92
block,42,-3,83
block,70,-3,85
block,7,1,5
block,34,3,91
block,15,1,92
block,-10,1,44
block,-1,1,-2
block,14,3,87
block,43,-3,83
block,-9,-3,90
block,-7,1,14
block,27,-3,86
block,6,1,30
block,2,-1,59
block,24,-4,90
breakableBlock,-10,7,36
block,-7,1,39
block,49,3,85
block,-6,-2,70
block,-13,-1,61
block,45,-4,84
block,-2,1,41
breakableBlock,7,7,30
block,26,3,84
breakableBlock,5,4,31
block,23,-3,88
block,-2,1,21
block,6,1,45
block,-13,1,5
block,29,1,83
tree,7,2,-17
block,49,3,87
block,-7,1,21
block,4,1,36
block,4,1,22
breakableBlock,5,9,36
block,-8,-2,70
block,29,-1,92
breakableBlock,-1,6,36
block,1,1,-17
block,-9,-2,69
block,2,-3,86
block,-10,1,36
breakableBlock,1,11,31
breakableBlock,-11,7,36
block,-5,1,27
block,-6,-2,68
tree,2,2,-25
block,21,-3,89
block,23,3,87
block,-8,-3,75
block,4,1,16
block,-6,1,-2
breakableBlock,-8,2,31
block,-5,1,-8
block,5,-3,89
block,8,1,37
breakableBlock,-11,3,36
block,11,-2,83
block,31,-3,87
block,44,3,91
block,10,-3,86
block,0,1,30
block,22,3,92
block,5,1,34
block,-12,-2,71
block,7,-3,90
block,-7,1,-2
block,7,1,20
breakableBlock,-2,8,30
breakableBlock,-9,2,36
block,3,1,-8
block,43,-4,85
block,40,-1,92
block,-11,-2,67
block,46,3,92
block,26,3,90
block,0,-1,58
block,0,1,-25
block,19,-1,83
block,22,0,92
block,42,0,83
block,21,2,92
block,2,1,-20
block,-10,-3,75
block,41,-4,91
block,-14,-3,79
breakableBlock,3,5,36
block,-11,1,39
block,-4,-3,74
block,44,3,86
breakableBlock,-1,2,36
block,-10,-1,59
breakableBlock,9,8,30
block,-1,-1,54
block,-9,1,12
block,-5,1,43
block,-10,-2,65
block,6,1,33
block,-8,-3,85
block,-12,1,41
block,37,-3,87
block,39,3,89
block,-4,-3,79
block,54,3,83
block,29,2,92
block,9,1,3
block,55,-4,85
block,9,1,8
block,-14,-1,55
block,-1,-2,65
block,2,1,-16
block,0,1,28
block,-11,1,-23
breakableBlock,1,5,36
breakableBlock,-7,10,36
breakableBlock,-4,4,36
block,2,1,4
block,7,-3,81
tree,-3,2,-25
block,26,-4,84
block,6,1,38
breakableBlock,0,8,31
block,-14,1,30
block,9,1,14
block,7,1,32
breakableBlock,7,11,36
breakableBlock,7,5,36
block,52,3,91
block,5,1,42
block,61,-3,86
block,-2,1,-9
breakableBlock,-7,11,36
block,1,1,11
block,16,2,83
block,-11,-1,55
block,43,3,90
block,-8,1,-19
block,5,-3,73
block,0,1,-17
block,-2,1,-16
block,14,3,91
tree,7,2,-18
block,1,-1,61
block,35,1,92
block,8,1,39
block,4,1,-3
block,-1,1,22
block,26,3,87
block,18,-4,91
breakableBlock,-4,7,36
block,-10,0,48
block,15,2,92
block,6,1,15
block,6,1,9
block,-6,1,-14
block,-13,-3,82
block,5,-2,68
breakableBlock,-9,10,36
breakableBlock,-3,8,36
breakableBlock,5,10,30
block,4,-1,56
breakableBlock,-1,11,31
breakableBlock,-14,4,31
block,26,-2,83
block,-1,-3,86
block,28,-3,83
block,3,1,37
block,71,-3,85
block,-9,1,16
block,-8,1,-23
block,-10,-2,67
block,15,3,92
tree,-12,2,-19
block,9,1,41
block,-1,1,-17
block,-13,-2,64
block,23,-3,87
block,3,-2,68
block,3,1,38
breakableBlock,5,2,30
block,-5,-1,58
breakableBlock,7,6,31
breakableBlock,5,6,31
block,-2,1,20
block,8,-1,59
block,-2,1,26
block,2,1,-22
block,50,-4,91
block,-13,-3,81
block,5,1,-8
block,3,-2,72
block,-3,1,5
breakableBlock,-11,5,30
block,52,3,89
block,-2,1,-24
block,20,-4,85
block,5,1,28
block,42,-3,87
block,-9,1,11
block,-13,1,40
block,21,-4,91
block,-14,1,44
breakableBlock,-2,8,36
block,1,1,-25
block,58,-3,88
block,6,1,27
block,-6,-2,64
block,7,-2,68
block,-11,1,29
breakableBlock,-12,11,30
breakableBlock,-2,5,36
block,-9,1,-16
block,69,-3,85
block,30,0,83
block,-14,1,11
block,-3,-1,63
block,13,3,89
block,-9,1,30
block,4,-2,64
block,4,-3,80
block,2,-3,87
block,-6,1,-6
block,46,-4,85
block,-7,-1,52
block,6,1,-22
block,28,3,92
block,14,-3,83
block,51,-3,87
block,-13,1,32
block,25,-1,92
block,-6,-2,69
block,31,-4,84
block,0,1,4
block,6,1,-14
block,0,1,-9
block,-10,1,22
block,-9,-1,52
block,-14,1,36
block,4,-3,90
block,-2,1,-25
block,54,-3,83
block,9,-2,68
block,-6,-1,55
block,-2,-1,62
block,-9,1,-17
block,1,1,20
breakableBlock,-8,3,30
block,3,1,42
block,-11,1,-24
block,1,1,-6
block,10,-1,92
block,56,-3,86
block,-11,1,28
block,54,1,92
block,5,-1,57
block,-8,1,36
block,-5,1,6
block,7,-3,78
breakableBlock,-10,9,31
block,12,3,86
breakableBlock,1,4,36
block,4,1,29
breakableBlock,-14,2,30
breakableBlock,-14,2,36
breakableBlock,-5,10,31
block,-14,1,14
block,31,2,92
block,-14,1,20
block,5,1,2
breakableBlock,-6,7,30
block,-4,-2,65
block,12,-3,89
block,-11,1,-14
block,1,-3,88
block,-1,-3,76
block,-5,1,-12
block,-12,1,20
block,40,3,85
breakableBlock,3,3,31
block,49,-3,87
block,16,-4,91
block,-7,1,29
breakableBlock,5,5,31
breakableBlock,-1,6,31
block,32,1,83
block,4,1,-23
block,7,1,-22
block,-8,1,22
block,57,-2,92
block,-13,-1,63
block,-4,-3,75
block,70,-3,82
block,-9,-3,84
block,-9,1,13
block,3,1,43
block,-11,1,-18
block,12,3,88
block,5,1,6
tree,-2,2,-25
block,33,-1,83
block,-1,1,4
breakableBlock,9,6,30
block,8,1,36
breakableBlock,-2,6,36
block,3,1,27
block,11,3,87
block,8,1,14
block,36,-1,83
block,12,-3,92
breakableBlock,-8,4,31
block,56,-4,91
block,-3,-2,67
block,37,3,89
block,-4,-2,72
block,45,3,91
block,40,2,92
breakableBlock,8,5,36
block,49,3,83
block,69,-3,90
breakableBlock,-3,10,30
block,9,1,34
block,-14,1,42
tree,-7,2,-25
breakableBlock,4,9,30
block,53,-3,88
block,0,-3,84
block,-9,1,27
block,-4,-3,87
breakableBlock,-2,10,31
block,5,1,-2
block,-6,-3,73
block,22,-3,92
block,9,1,16
block,47,3,86
block,16,-2,83
breakableBlock,-2,6,30
block,-12,-1,59
block,24,-3,88
block,36,3,89
block,-2,0,50
block,-1,-1,57
block,8,-3,80
block,40,-4,91
block,13,-4,90
block,-7,-3,80
block,35,3,88
block,45,3,86
block,56,-1,83
block,13,-2,92
block,2,-3,91
block,26,0,83
block,4,1,2
tree,3,2,-25
block,57,3,89
block,-9,-2,67
block,-7,1,-19
block,53,3,92
block,-11,-1,63
breakableBlock,-13,2,36
block,2,-1,62
block,-3,1,36
block,-6,-3,78
block,-14,-3,85
block,8,-2,67
block,-14,-3,73
block,40,-2,83
block,36,3,86
breakableBlock,7,2,31
block,66,-3,84
block,1,1,5
breakableBlock,-10,9,30
block,-1,0,48
breakableBlock,-2,4,30
block,41,-2,83
block,70,-3,91
block,29,-4,85
breakableBlock,1,10,36
block,-11,1,8
block,43,2,92
block,3,1,-7
block,0,-1,55
block,3,1,-14
block,-3,-1,55
block,27,-2,92
block,-8,0,49
block,-7,1,-21
breakableBlock,-4,8,31
block,-12,1,33
block,50,3,90
block,9,1,31
block,8,1,6
block,16,-3,87
block,50,-3,92
block,-13,-3,78
block,-8,-1,57
block,-13,1,20
block,-13,1,-8
breakableBlock,9,3,36
block,1,-3,81
block,25,3,83
block,44,1,92
block,6,1,14
block,-13,1,37
breakableBlock,4,10,31
block,39,1,92
block,-11,-3,91
block,-2,1,-14
block,-5,-3,82
block,37,3,88
block,-10,1,23
block,-4,1,38
block,-12,1,7
block,0,-1,59
block,-4,-3,82
block,23,3,84
block,-11,1,-7
breakableBlock,-4,4,30
block,-12,-1,61
block,2,-2,72
block,-6,1,34
breakableBlock,1,8,36
block,43,3,85
block,0,1,37
block,34,-3,83
block,8,-3,87
block,-9,1,-8
block,1,1,-4
block,54,3,89
block,-12,-1,55
block,44,3,83
breakableBlock,0,4,30
block,-6,1,10
block,-10,1,-2
block,51,3,90
block,-14,-3,90
block,-2,1,24
block,-11,1,26
breakableBlock,-11,7,31
block,-9,1,25
block,0,1,-15
block,8,-1,53
block,2,-1,56
block,-10,1,20
block,34,3,92
breakableBlock,6,6,31
block,-8,1,10
block,49,-4,85
block,41,0,83
block,6,-3,89
block,-5,1,42
block,6,-3,83
block,-4,-3,76
block,-1,-2,66
block,8,1,27
block,-7,-2,64
block,4,-2,68
breakableBlock,-8,7,30
block,-14,1,2
breakableBlock,2,11,30
block,2,1,32
block,9,1,37
block,37,3,87
block,-7,-1,61
block,65,-3,85
block,-4,1,-16
block,-1,1,37
breakableBlock,-12,2,30
block,-12,-3,91
block,2,1,19
block,6,1,10
block,32,-3,88
breakableBlock,-5,4,30
block,-7,1,37
block,4,1,-13
block,3,-3,76
block,-7,1,22
block,-2,1,27
block,56,3,89
block,4,1,15
block,-6,-3,76
block,-3,-2,65
block,-11,1,24
breakableBlock,-8,3,36
block,4,1,39
block,1,1,42
block,21,-4,90
block,3,1,40
block,-5,-3,80
block,-13,-3,89
block,51,-2,92
block,-9,1,22
block,53,-1,83
block,13,-3,89
block,37,1,83
block,-3,-3,88
block,4,-2,67
block,1,1,25
block,-4,1,-9
block,-1,1,-24
block,1,1,45
block,55,1,83
block,39,3,87
block,48,-2,92
block,37,-4,91
block,15,-3,92
breakableBlock,2,3,30
block,6,1,36
block,7,1,42
block,0,0,51
block,40,-1,83
block,25,3,87
block,-2,-3,89
block,24,-3,87
breakableBlock,-14,9,36
block,25,3,92
block,7,-1,58
block,33,3,92
block,61,-3,93
block,-11,-3,77
breakableBlock,-10,3,36
block,9,1,11
block,3,-1,58
breakableBlock,-8,10,31
block,2,1,34
block,18,2,92
breakableBlock,-14,6,36
block,-10,1,41
block,-13,1,25
block,42,-4,84
block,36,-1,92
block,9,1,42
block,27,3,91
block,-11,-3,74
breakableBlock,-12,9,36
block,-12,1,-16
block,40,3,86
block,31,1,92
block,47,-3,87
block,16,-4,84
breakableBlock,-14,5,31
block,-1,-1,56
breakableBlock,-7,7,36
block,-1,0,51
block,46,3,86
breakableBlock,4,5,30
block,-11,-3,79
block,25,-4,91
block,-3,-3,83
block,40,3,88
block,-4,1,-24
block,60,-3,87
block,36,3,92
block,51,3,83
breakableBlock,1,5,30
block,12,-2,83
block,63,-3,89
block,-6,-1,63
breakableBlock,-5,10,30
breakableBlock,1,8,31
block,2,1,8
breakableBlock,-12,3,36
breakableBlock,-8,11,36
breakableBlock,-11,9,36
block,29,3,88
breakableBlock,-12,10,30
block,6,0,47
block,23,3,88
block,9,-2,64
block,-1,-3,78
block,-11,1,6
block,15,3,83
block,5,-3,80
block,1,1,8
breakableBlock,-5,10,36
block,-1,-3,89
block,17,3,92
block,1,1,-13
block,-3,-2,68
block,-8,-2,69
breakableBlock,8,9,36
breakableBlock,-9,9,36
block,-6,-3,84
block,-8,1,5
block,66,-3,85
block,-4,1,-19
block,8,1,44
block,17,-1,92
block,4,1,12
block,29,3,89
block,3,1,19
breakableBlock,-10,9,36
block,-14,1,13
block,18,3,85
block,21,3,85
block,6,0,49
block,25,-4,85
block,-3,1,-11
block,-9,1,29
block,17,-3,92
block,7,-3,89
block,-10,-3,85
block,33,1,92
block,-6,0,48
block,43,0,92
block,47,1,92
block,39,-4,85
block,25,3,91
block,38,3,90
block,34,2,92
block,9,1,39
block,4,1,-2
block,-9,-3,89
block,1,1,38
block,-7,-3,73
breakableBlock,6,7,30
block,5,-1,60
block,27,2,83
block,-7,1,34
block,-9,-3,75
block,-7,-3,89
block,3,1,-15
breakableBlock,-6,5,31
breakableBlock,-4,10,36
block,5,1,7
block,-14,1,12
block,-13,1,34
block,3,-1,59
block,24,3,91
block,7,1,36
block,-8,1,-5
breakableBlock,9,10,30
block,-5,-2,69
block,48,3,87
block,-6,1,-17
block,-2,-2,67
block,-4,0,50
block,67,-3,89
breakableBlock,-9,8,31
breakableBlock,-5,9,31
block,0,1,44
block,23,-4,91
block,0,1,25
block,45,3,83
block,48,3,91
block,8,1,26
breakableBlock,-11,11,30
breakableBlock,2,9,36
block,0,-1,52
block,4,0,50
block,9,-1,56
block,0,0,48
block,28,3,85
block,18,0,92
breakableBlock,-4,2,36
block,-11,1,37
block,-3,1,32
block,9,1,38
breakableBlock,9,3,30
block,17,-4,85
block,-3,-3,86
block,-7,-3,78
breakableBlock,-12,8,30
block,3,-3,81
block,-2,-1,60
breakableBlock,1,6,30
block,-1,1,-19
block,-11,-2,72
block,-6,1,-19
block,-12,-2,67
block,52,-1,83
block,35,-3,83
breakableBlock,-2,8,31
block,-7,1,25
block,-9,-2,70
breakableBlock,-11,4,36
block,56,-4,84
block,47,3,84
block,-11,1,42
block,42,-3,92
block,0,0,49
block,36,3,88
block,-3,1,-10
block,21,0,92
block,32,-2,83
block,25,-2,83
block,45,3,85
block,48,2,92
block,-13,1,28
block,-7,-3,76
block,-2,-3,77
block,-3,-1,58
block,-9,-3,77
block,14,3,90
block,5,-3,83
block,56,-4,90
block,69,-3,83
breakableBlock,-11,6,30
block,3,1,23
tree,-12,2,-21
block,15,-3,89
block,-13,1,-5
block,-6,-3,82
block,27,3,89
block,8,1,45
block,-5,0,46
block,-10,1,-6
block,44,-3,92
block,3,1,45
block,41,3,88
block,7,-3,86
breakableBlock,0,5,36
block,20,3,88
block,19,3,86
block,1,1,43
block,-5,-3,87
block,37,-4,85
block,54,-4,91
block,-4,1,22
breakableBlock,1,7,31
block,29,3,86
block,45,1,92
breakableBlock,3,5,30
block,62,-3,90
block,71,-3,92
block,32,1,92
breakableBlock,9,8,36
breakableBlock,-5,7,36
breakableBlock,-2,10,36
block,3,-1,54
block,5,-2,67
block,28,-3,87
breakableBlock,4,11,36
block,3,1,-13
block,52,2,83
block,56,3,84
block,66,-3,92
block,12,-3,83
block,4,-3,89
block,57,-4,90
block,6,1,42
block,27,3,87
block,56,-3,87
block,-9,1,-2
block,-7,1,-24
block,13,-3,87
block,45,-4,85
block,29,-2,92
block,54,-1,83
block,5,-3,77
block,-10,-2,69
block,-13,1,6
block,-7,1,-20
block,-7,1,20
block,-3,-2,72
block,10,3,83
breakableBlock,-3,2,30
block,-11,1,-25
block,1,1,-7
block,-11,-1,57
block,-5,1,19
block,63,-3,86
block,-6,1,3
block,5,1,27
block,30,-4,91
block,-9,1,14
breakableBlock,-6,2,36
block,-3,-3,89
block,17,-4,84
block,9,1,33
block,6,0,51
block,28,-1,92
breakableBlock,-6,6,36
block,-5,1,-5
block,-14,-1,52
block,0,1,19
block,7,1,10
block,-9,1,26
breakableBlock,-6,5,30
breakableBlock,-14,4,30
block,-13,1,-7
block,9,-3,80
breakableBlock,0,9,30
block,7,1,2
block,44,-4,84
block,38,-4,85
block,-7,1,13
breakableBlock,-12,7,31
breakableBlock,-11,2,30
block,33,-1,92
block,-14,-3,88
block,24,-4,91
block,48,-3,83
breakableBlock,-1,8,30
block,-5,1,-9
block,46,-3,88
block,-10,-3,89
block,1,1,-9
block,65,-3,92
block,22,3,84
block,63,-3,82
breakableBlock,2,2,30
breakableBlock,-9,7,30
block,55,-3,83
block,4,1,-16
block,5,1,8
block,-12,-3,78
block,-11,1,9
block,-5,1,22
breakableBlock,3,3,30
block,-6,-1,53
block,10,0,83
breakableBlock,-10,5,30
block,-10,0,51
block,49,-3,92
block,50,3,89
block,53,-3,87
breakableBlock,4,4,36
breakableBlock,-2,5,31
block,0,1,41
block,7,-2,70
block,-7,1,26
block,55,3,90
block,-6,0,47
block,57,0,83
block,46,-1,83
breakableBlock,-8,6,36
block,10,-4,91
block,31,0,92
block,7,1,-25
block,-8,1,40
block,67,-3,82
block,0,-3,74
block,-6,0,49
block,7,-2,66
breakableBlock,7,9,30
block,11,-4,85
block,39,-3,86
block,6,1,-2
block,-7,0,48
block,-4,1,36
block,35,1,83
block,12,-4,91
block,-6,1,45
breakableBlock,-5,4,36
block,64,-3,89
block,13,3,86
block,22,3,85
block,0,1,23
block,32,0,92
block,15,3,86
block,2,-3,79
block,-9,1,5
block,60,-3,84
block,-12,-2,69
block,42,3,88
block,39,-4,91
breakableBlock,-13,5,36
block,-14,1,43
block,-12,1,44
breakableBlock,3,11,30
block,46,-2,92
block,5,1,25
block,52,-1,92
breakableBlock,-1,8,31
block,9,1,40
block,-4,1,29
block,-8,1,28
block,49,-3,89
block,-11,1,-20
block,8,1,10
block,36,3,83
block,6,1,44
breakableBlock,-6,8,30
breakableBlock,-11,4,30
block,-7,-2,72
block,24,0,92
block,35,-3,87
block,55,3,92
breakableBlock,2,4,31
block,28,1,83
block,32,-4,84
breakableBlock,3,4,36
block,12,2,92
breakableBlock,-12,11,36
block,0,-2,71
block,-7,-3,91
block,-6,-3,74
block,-9,-1,56
breakableBlock,-13,5,31
block,22,-2,83
block,29,-2,83
block,0,-2,72
breakableBlock,-9,10,30
block,33,3,88
block,-4,1,-23
block,-6,1,2
block,-9,1,-3
block,3,1,-25
block,3,-3,85
block,-7,-1,56
block,-6,1,42
block,25,3,88
block,-14,1,25
block,55,3,88
block,54,3,85
block,8,-3,83
block,0,-3,82
block,-12,1,11
block,-3,1,-6
block,-9,1,2
breakableBlock,-8,3,31
breakableBlock,9,2,36
block,2,1,37
block,0,0,50
breakableBlock,4,3,36
block,9,1,21
block,19,3,91
block,35,2,92
block,9,-3,76
block,5,1,-15
block,52,3,84
block,64,-3,82
block,32,3,87
block,-13,1,7
block,-5,-3,75
block,28,3,91
block,31,3,88
block,69,-3,91
block,-12,-1,54
block,33,-4,85
breakableBlock,4,4,31
block,-1,1,41
block,37,1,92
block,-9,1,32
block,-9,1,43
block,26,3,88
block,43,-2,92
block,-4,-1,57
block,8,-1,56
block,49,3,92
block,-5,-3,81
breakableBlock,7,8,31
block,2,0,51
block,50,2,92
block,47,-3,88
block,4,1,44
block,46,-4,90
block,8,-3,84
block,5,1,23
block,41,3,90
block,37,2,92
block,54,-4,90
block,-3,1,-19
block,-8,1,37
block,4,1,32
block,52,-3,92
block,-8,1,31
block,-4,1,5
block,-10,-3,87
block,1,1,-5
block,5,-3,85
breakableBlock,-3,7,31
block,-9,1,23
block,57,3,84
block,33,3,84
block,31,3,83
breakableBlock,-10,2,30
block,20,-4,84
block,-3,0,49
block,35,2,83
block,-13,-2,70
block,8,0,46
block,39,3,92
block,44,3,87
block,-1,-3,79
block,4,0,46
block,21,3,87
block,-2,1,-17
block,-6,0,50
block,-12,1,-17
block,55,2,92
block,1,-1,52
breakableBlock,6,6,30
block,-5,1,34
block,28,3,89
block,9,-1,53
block,-12,1,-4
breakableBlock,7,10,36
breakableBlock,-4,5,30
block,-14,1,22
block,14,3,84
block,23,-1,83
block,22,-4,90
block,-8,1,-2
block,56,-3,89
block,1,1,13
breakableBlock,-4,3,31
block,31,1,83
block,48,-1,92
breakableBlock,-14,8,30
block,-2,1,-7
block,-11,1,16
breakableBlock,-13,8,31
block,15,3,85
block,52,3,86
block,29,2,83
block,67,-2,87
block,49,2,83
block,36,0,83
block,62,-3,89
block,8,1,-2
block,6,1,34
breakableBlock,-14,9,30
breakableBlock,-4,5,36
block,44,-4,90
block,52,0,83
block,10,3,86
tree,7,2,-23
block,9,-3,78
block,38,-2,83
block,-9,1,39
block,47,-3,92
breakableBlock,-9,7,31
block,18,-1,83
block,48,0,83
block,54,3,87
block,-3,-1,52
block,-12,-2,65
block,47,-3,83
block,4,0,49
breakableBlock,-11,10,31
block,15,-4,85
block,3,-3,83
block,-7,1,33
block,35,3,89
block,2,1,39
block,-13,1,26
block,-8,-1,61
block,-3,1,-4
block,-9,1,-5
block,18,0,83
block,39,-1,83
block,8,-2,72
block,6,1,43
breakableBlock,2,3,31
block,8,1,-8
block,1,1,-24
block,16,-3,92
block,8,-1,57
block,-6,1,39
block,36,-4,91
block,32,-3,83
block,-12,1,39
block,-12,1,23
breakableBlock,-13,6,30
block,-6,1,28
breakableBlock,4,7,36
block,52,-2,83
block,47,-3,89
block,7,1,-5
block,65,-3,82
breakableBlock,-8,4,30
block,1,-1,54
block,-10,1,12
block,14,3,88
block,-3,1,-20
block,-6,1,24
block,8,1,-4
block,-5,1,39
block,57,1,83
block,3,1,-16
block,2,1,-2
block,3,-3,75
block,70,-3,84
block,41,2,83
block,30,3,86
block,-4,1,44
block,-14,-3,91
block,50,3,92
block,-13,1,44
block,-8,1,-24
block,-8,1,11
block,-3,0,51
block,7,-2,64
block,-6,1,-21
breakableBlock,-10,4,30
block,9,-3,90
block,45,3,88
block,3,1,25
block,-4,1,-14
breakableBlock,0,10,31
block,30,-2,92
block,4,1,34
tree,-12,2,-22
block,-2,-3,88
block,-9,1,-15
block,2,-2,65
block,6,1,4
block,-1,-3,74
breakableBlock,8,5,31
block,70,-3,87
block,7,1,13
block,5,1,38
block,7,1,-19
breakableBlock,-14,3,30
block,45,3,89
breakableBlock,-6,10,31
block,6,-3,74
block,34,1,92
tree,-12,2,-20
block,-13,0,47
block,-4,1,34
block,52,-4,85
block,0,-1,60
block,60,-3,93
block,6,1,29
block,-2,-2,65
block,38,-1,83
block,-5,-3,89
block,-8,-1,52
block,-4,1,2
block,-4,1,-6
block,8,1,21
block,-4,1,-25
block,70,-3,90
block,11,2,83
block,30,3,83
block,4,1,26
block,3,-3,79
block,-4,0,46
block,-6,0,51
block,35,-3,88
block,-10,-3,88
breakableBlock,0,11,30
block,-9,1,42
block,-10,-1,61
block,53,-4,84
block,-13,-1,52
block,-14,-2,66
block,4,-1,59
block,-1,1,19
block,-4,-1,59
block,-1,1,32
tree,-12,2,-18
block,7,-3,76
block,13,-3,88
breakableBlock,-7,11,30
breakableBlock,-11,6,36
block,30,-3,88
breakableBlock,-11,11,31
block,29,-4,84
block,68,-3,93
block,-5,-3,76
breakableBlock,7,3,30
block,12,3,89
block,42,-3,88
breakableBlock,-14,8,31
breakableBlock,-7,6,31
breakableBlock,-4,10,31
block,5,1,32
block,4,1,-18
block,36,-3,83
block,9,-3,82
block,-11,-1,52
breakableBlock,-13,10,36
block,-11,-1,62
block,-7,1,44
block,17,3,91
block,-12,1,-3
block,31,3,84
block,46,3,87
breakableBlock,-4,9,31
block,35,-3,89
breakableBlock,-13,9,36
block,13,-2,83
block,61,-3,92
block,-4,1,19
block,40,-3,89
block,0,1,-7
block,-7,1,-5
block,4,0,47
block,-14,-1,56
block,22,-3,89
block,9,-3,85
block,-7,-1,57
breakableBlock,-3,9,36
block,-2,-3,83
block,57,-4,91
block,3,-1,55
breakableBlock,1,4,30
block,24,3,85
block,-7,-3,77
breakableBlock,-9,2,31
breakableBlock,-1,10,30
block,-6,-3,87
breakableBlock,1,3,36
block,61,-3,82
block,3,1,9
block,9,-1,61
block,13,3,85
tree,7,2,-13
block,-3,-2,71
block,2,-3,76
block,24,-1,92
block,-3,1,42
block,4,1,21
block,3,1,3
block,61,-3,90
block,52,3,90
block,-6,1,36
tree,-12,2,-17
block,38,-4,91
block,0,-3,88
breakableBlock,7,4,31
block,10,-3,88
block,9,1,36
block,-4,-2,69
block,4,1,41
block,29,-3,89
block,-11,1,10
breakableBlock,-8,5,36
block,-11,-3,80
block,28,3,86
block,-3,1,33
block,2,1,44
block,12,3,83
block,12,-1,92
breakableBlock,1,8,30
block,50,0,83
block,-2,1,3
breakableBlock,4,8,31
block,9,-2,72
block,45,-4,91
breakableBlock,4,5,31
block,-11,-3,81
block,-8,1,29
block,-14,-1,57
block,12,0,83
block,1,1,2
block,54,-3,92
block,51,3,86
block,21,0,83
block,-12,1,15
breakableBlock,-12,4,30
block,-4,-3,89
breakableBlock,-3,4,30
breakableBlock,-7,9,30
block,-5,1,-4
block,9,-1,62
block,22,3,83
block,30,-3,89
block,4,-3,88
block,4,-3,74
block,-13,1,10
block,-11,1,45
block,3,1,28
block,47,-3,86
block,8,1,13
block,-10,1,-25
block,6,-2,65
block,42,3,87
block,54,2,83
block,-4,-3,77
block,-8,1,-7
block,60,-3,86
block,-11,-1,54
block,9,-1,63
block,5,1,-3
block,9,0,48
block,-6,-3,89
block,8,-1,61
block,40,1,83
breakableBlock,-12,4,31
block,-5,1,45
block,9,-3,89
breakableBlock,-9,6,30
block,1,-1,55
block,-14,1,45
block,14,-3,86
block,-3,-1,54
block,1,0,49
block,-9,1,40
block,67,-3,91
block,24,-3,92
block,8,1,-5
block,-5,-3,85
block,-5,1,-22
block,8,-1,55
block,-9,1,36
block,4,-3,85
block,-11,1,22
block,9,1,28
block,-11,0,47
block,6,-3,80
block,5,-2,66
block,28,3,84
block,39,3,86
block,26,-3,87
block,0,-3,79
block,-8,-1,59
block,1,-3,89
block,-2,1,25
breakableBlock,6,3,36
block,54,2,92
block,-6,1,-15
block,7,1,23
block,-2,1,-22
block,-8,1,23
breakableBlock,-8,7,31
block,-1,1,-3
block,38,3,87
block,3,1,4
block,8,-3,82
block,5,0,46
breakableBlock,5,4,30
breakableBlock,4,8,36
block,7,1,29
block,61,-3,88
block,40,3,84
block,-10,1,2
block,31,3,87
block,52,-3,83
block,34,3,85
block,4,-3,79
block,-1,-3,88
block,-13,-1,60
block,-6,1,12
block,-4,1,6
block,-5,1,20
block,-1,-2,67
block,-6,1,-3
block,2,-3,78
breakableBlock,2,2,36
block,-8,0,47
block,3,0,47
block,23,-4,85
block,-7,1,7
block,-8,1,19
block,-9,-2,65
block,14,3,89
breakableBlock,0,6,30
block,31,0,83
block,-13,1,33
block,21,3,92
block,34,-4,85
block,-4,-2,71
block,-5,1,-15
block,-13,1,31
block,5,-3,84
breakableBlock,-3,4,31
breakableBlock,5,2,36
block,-4,1,-3
block,-7,1,30
block,8,1,43
block,-11,1,-15
block,6,1,-21
block,-2,-1,53
block,24,-2,83
breakableBlock,4,2,30
breakableBlock,6,10,36
block,-14,-2,71
block,-13,0,50
block,41,-2,92
block,-11,1,38
block,-13,-1,56
block,-10,-3,78
block,3,1,-22
breakableBlock,0,5,30
block,-2,1,-10
block,52,1,83
block,39,-1,92
block,7,-1,53
breakableBlock,-14,10,36
block,2,1,12
block,-5,-3,74
block,36,2,83
breakableBlock,-6,11,30
block,1,1,32
block,-7,-2,70
block,-4,1,-15
block,-1,-2,64
block,-2,-2,64
block,2,1,28
block,7,-3,91
block,-1,-3,73
block,50,-4,85
block,-6,1,-10
breakableBlock,-2,9,31
block,37,-3,88
block,8,-3,73
breakableBlock,-8,8,30
block,-12,1,-6
block,-6,1,25
block,2,-3,88
block,-12,1,32
block,31,-3,88
block,16,-2,92
block,-3,1,-16
block,3,-1,57
block,4,1,37
block,65,-3,91
block,37,-3,83
block,2,1,13
block,-13,1,29
block,50,2,83
block,-5,1,-14
block,6,1,24
block,7,1,15
breakableBlock,-13,4,36
breakableBlock,-11,6,31
block,11,3,91
block,50,-3,83
block,43,-3,89
block,13,2,83
block,8,-3,76
block,-8,1,6
block,41,1,92
block,-14,1,39
block,-5,1,-25
block,9,1,-3
block,44,3,92
block,-6,1,35
block,5,-2,64
block,15,-3,87
block,-6,1,11
block,43,-1,92
block,48,-4,90
block,-8,1,-14
block,1,-2,69
block,35,3,87
block,2,1,23
block,6,-3,76
block,33,-3,87
block,-6,1,16
block,-8,0,46
block,53,0,83
block,64,-3,91
block,7,-1,63
block,-1,1,26
block,-11,1,5
breakableBlock,4,11,30
block,-2,1,-23
block,3,1,29
block,-2,0,49
block,57,3,91
block,26,1,92
block,8,1,15
breakableBlock,-14,6,31
breakableBlock,1,10,30
block,7,1,6
block,-14,-2,69
breakableBlock,-5,9,36
breakableBlock,2,10,31
block,52,-3,86
block,-5,1,5
block,-7,1,19
breakableBlock,-8,5,31
block,3,1,39
block,2,-3,75
block,46,3,90
block,-2,0,47
breakableBlock,-7,6,30
block,-7,-3,81
block,20,3,92
block,17,-4,91
block,54,-3,87
block,70,-3,92
block,7,1,4
block,-8,-3,83
block,-12,-3,75
block,56,3,90
block,-7,-3,84
block,12,-2,92
block,4,1,-19
block,-13,-3,75
block,9,1,-8
block,-3,-3,78
block,45,3,92
block,-8,-3,90
breakableBlock,8,11,36
block,41,-3,89
block,62,-3,87
breakableBlock,6,4,36
block,58,-3,87
block,5,-3,91
block,14,-3,89
block,35,-3,86
block,2,1,-15
block,9,-3,74
block,-3,1,39
block,33,2,92
block,-5,1,-21
block,-11,1,-16
block,-2,1,-6
block,18,-4,85
block,11,-4,90
block,-2,1,39
block,2,1,21
block,-1,1,-6
block,27,2,92
block,-3,1,41
block,9,-3,87
block,46,-1,92
block,-12,1,-14
block,44,-3,88
block,3,1,24
block,2,-2,66
block,63,-3,87
block,2,1,-23
block,0,1,-16
block,29,-3,86
block,-7,-3,85
block,8,1,33
block,7,1,31
block,-6,1,6
block,41,-3,86
breakableBlock,1,2,30
block,-5,1,4
breakableBlock,-1,6,30
breakableBlock,-9,6,36
block,8,1,32
block,-4,-2,70
block,-5,1,-19
breakableBlock,-2,7,30
block,47,-4,85
breakableBlock,-10,4,31
block,55,3,86
breakableBlock,-8,10,30
block,54,3,84
block,29,1,92
block,0,-2,66
block,47,-2,83
block,17,-4,90
block,17,1,83
block,0,1,38
block,-2,1,19
block,11,3,90
block,-5,1,-2
block,-12,-3,90
block,13,1,83
block,-14,1,41
block,1,-3,77
block,1,-1,56
block,23,3,91
block,14,2,92
block,7,1,39
block,-5,1,41
block,38,3,84
block,-11,-2,68
block,3,0,46
block,-1,-3,75
block,1,1,22
breakableBlock,-1,7,30
block,56,3,88
block,-12,0,51
block,23,3,90
breakableBlock,-14,2,31
block,-13,-3,90
block,-6,1,44
block,-1,1,-23
breakableBlock,-6,3,30
block,-12,-3,80
block,-5,-2,71
block,7,1,43
block,26,-1,83
block,49,-1,83
block,34,3,88
breakableBlock,-14,3,31
block,-13,-3,91
block,15,3,91
breakableBlock,-9,5,31
block,9,1,15
block,13,3,83
block,51,1,83
block,11,-1,83
breakableBlock,9,5,30
block,-11,1,3
block,51,-4,85
block,64,-3,88
breakableBlock,-5,7,31
breakableBlock,-6,9,36
block,59,-3,86
block,-10,-1,62
block,-8,1,32
breakableBlock,3,11,31
block,-11,-2,71
block,-3,-2,69
block,-2,1,-12
block,-11,-2,70
block,-12,0,47
block,0,1,-10
breakableBlock,-8,8,36
block,-10,1,38
breakableBlock,-3,4,36
breakableBlock,-5,2,30
breakableBlock,-13,11,30
block,7,1,37
block,-5,-1,57
block,-7,-2,69
block,9,-1,52
block,-1,1,-12
breakableBlock,-5,11,30
breakableBlock,-14,4,36
breakableBlock,3,8,31
block,26,-3,83
block,6,-3,85
block,52,-3,89
block,-13,1,42
block,-1,1,38
block,37,-2,92
block,69,-3,92
block,45,-2,83
block,36,3,84
block,-7,-2,66
block,14,-3,87
block,-7,0,49
block,41,-4,85
block,55,3,91
block,-7,1,-17
block,47,3,85
block,5,1,14
block,-4,1,7
block,-8,1,-3
block,-9,1,9
block,57,3,83
block,19,-4,84
block,-4,-3,90
block,34,-4,91
block,-5,0,51
block,9,1,22
block,8,1,29
block,22,3,87
block,-13,-1,55
block,-5,0,48
block,6,-3,75
block,5,1,22
block,-1,1,-14
breakableBlock,5,4,36
block,-13,-2,69
block,10,3,88
block,-7,1,32
block,7,-2,72
block,5,1,16
block,-14,0,50
block,-1,1,3
block,-8,-2,64
block,-2,-3,75
breakableBlock,1,7,30
block,-2,-3,90
breakableBlock,2,10,30
block,25,-3,83
block,-12,-3,74
block,43,2,83
block,-10,-1,58
block,1,1,-21
breakableBlock,-10,6,31
block,8,1,30
block,39,-3,88
block,52,3,85
block,0,1,-12
block,-6,1,15
block,54,3,88
block,48,2,83
block,-1,1,-20
block,52,1,92
breakableBlock,-4,9,36
block,2,-3,83
block,25,-3,89
block,-11,1,-4
block,-12,-1,62
block,-14,1,34
block,41,2,92
block,1,1,4
block,3,-3,86
block,1,-1,58
block,27,3,85
block,-11,-3,87
block,41,3,89
block,7,1,-20
block,-12,0,46
block,-6,1,-18
block,22,-4,91
breakableBlock,-2,9,30
block,2,-1,60
breakableBlock,-6,2,30
block,-7,1,40
breakableBlock,3,3,36
block,19,3,85
block,-5,1,37
block,50,-1,92
block,2,1,45
block,-11,-3,83
block,10,1,83
block,-5,-1,56
block,18,3,86
block,-1,1,6
block,29,3,90
block,61,-3,89
block,1,1,6
block,-1,1,-7
block,11,0,83
block,17,3,90
block,56,-2,83
block,-5,1,-24
block,-13,-3,76
block,-2,-3,86
block,11,0,92
breakableBlock,9,4,36
block,-9,-2,64
breakableBlock,5,11,36
block,9,1,23
block,4,-3,87
block,17,0,83
block,6,-3,88
breakableBlock,0,3,31
block,-10,-2,71
block,38,3,88
breakableBlock,2,8,36
block,-9,1,44
block,67,-2,88
block,-4,-1,61
block,-2,1,44
block,26,3,92
block,34,-3,88
block,44,-4,85
block,2,-3,84
breakableBlock,7,11,30
breakableBlock,-11,2,31
block,6,-2,66
block,-5,-3,77
block,36,-3,92
block,71,-3,84
breakableBlock,9,11,30
block,0,1,35
breakableBlock,9,7,36
breakableBlock,6,5,31
block,-9,-1,58
breakableBlock,2,5,31
block,-3,-1,57
block,64,-3,87
block,1,-3,85
block,40,3,92
block,-2,0,48
breakableBlock,7,5,31
block,38,-3,89
block,0,1,22
breakableBlock,-1,2,31
block,-5,-1,62
block,32,3,92
block,1,1,-16
block,71,-3,88
breakableBlock,-14,9,31
block,-10,-3,79
block,-8,-2,68
block,1,1,36
block,47,2,92
breakableBlock,-10,6,36
block,23,3,89
breakableBlock,-14,8,36
block,-7,1,15
block,39,-3,83
block,-3,1,-23
block,8,1,35
block,-11,1,31
breakableBlock,2,9,30
block,28,-3,92
breakableBlock,6,10,30
block,2,1,-8
block,37,3,91
breakableBlock,3,8,30
block,7,-3,75
block,20,-3,86
breakableBlock,-12,10,36
block,16,-4,90
block,3,1,14
block,65,-3,93
block,-12,-1,56
block,57,3,86
block,-4,1,40
block,10,3,91
block,-10,-3,84
block,7,1,-18
block,51,3,91
breakableBlock,1,10,31
block,-12,-3,77
block,-7,-2,71
block,6,-2,69
block,32,-3,89
block,1,1,27
block,-11,1,14
block,-10,1,16
block,27,-1,83
block,-13,-2,68
block,40,0,83
block,26,1,83
block,63,-3,92
block,-3,1,35
block,23,3,86
block,37,0,83
block,3,1,-23
block,21,3,84
tree,7,2,-24
breakableBlock,6,8,30
breakableBlock,3,9,31
block,5,1,40
block,-6,-1,54
block,6,1,8
block,0,-3,83
block,26,2,92
block,-14,1,24
block,-9,-2,66
block,-10,1,-3
block,34,3,89
block,-13,-3,84
block,45,-1,83
block,30,-3,87
block,-14,-3,76
breakableBlock,-7,3,36
block,4,-3,82
block,39,3,83
block,65,-3,83
block,-5,1,2
block,13,-4,91
block,0,-3,81
block,0,-3,77
block,-3,-1,56
block,5,0,51
block,0,-3,80
block,39,-4,90
block,41,1,83
block,3,-2,66
block,68,-3,86
block,12,3,92
block,31,-3,83
block,-7,1,38
block,-13,-2,65
tree,-4,2,-25
block,22,-2,92
block,15,-3,86
block,67,-3,83
block,16,3,88
block,-10,-3,77
block,-10,1,-13
block,-7,1,-7
block,1,1,-3
breakableBlock,1,11,30
breakableBlock,-11,11,36
block,20,1,92
block,46,2,92
block,27,-3,92
breakableBlock,2,7,36
block,6,1,-17
breakableBlock,-13,7,30
block,-3,-1,61
block,16,-3,89
block,23,-3,89
block,16,3,89
block,25,3,84
block,24,3,88
block,-10,1,-18
block,1,-1,57
breakableBlock,-3,8,30
block,9,1,-6
block,-3,1,30
block,2,1,31
block,4,1,24
block,-10,1,26
block,-9,-2,68
block,-13,1,36
block,-5,1,40
block,34,0,83
block,-14,1,-5
block,15,3,88
block,2,-1,52
block,8,1,12
block,5,1,-22
block,6,1,31
block,3,0,50
breakableBlock,-6,10,30
block,51,2,83
block,-14,-3,89
block,0,-2,64
block,3,1,20
block,-8,1,-4
block,1,1,44
block,-11,0,49
block,12,2,83
block,-10,-1,60
block,-13,1,19
block,-9,-1,60
block,15,0,92
block,39,2,83
block,5,-3,81
block,17,2,83
block,-5,0,50
block,3,-3,73
block,9,-3,86
block,55,2,83
block,-6,-2,72
block,48,3,84
block,-14,-2,68
block,24,3,92
breakableBlock,-11,9,31
block,7,1,28
block,49,2,92
block,-10,1,25
breakableBlock,3,9,36
block,-3,-2,66
block,-10,-3,81
block,1,1,31
block,15,-2,92
block,-2,-2,66
block,34,1,83
block,-7,1,10
block,-4,-1,55
block,26,-3,88
block,47,3,92
block,-2,1,-4
block,23,-3,86
block,45,3,87
block,-4,1,-18
block,-2,-3,78
block,53,3,88
block,17,-3,83
block,-4,1,-10
block,54,3,91
block,3,-2,71
block,27,-3,87
breakableBlock,8,11,31
block,14,1,92
block,-13,1,41
block,19,0,83
block,6,1,-23
block,57,1,92
block,62,-3,82
block,49,-2,92
block,1,-1,59
block,-1,1,29
block,34,-1,92
breakableBlock,-6,11,36
breakableBlock,6,6,36
block,3,1,5
block,-13,-3,73
block,-5,-1,53
block,0,1,-21
block,19,-3,89
block,-1,-3,80
block,0,1,-19
block,27,3,92
block,-2,1,-5
block,7,1,-14
block,6,1,19
block,0,1,-13
block,3,-3,74
block,25,-3,86
breakableBlock,4,11,31
block,-8,1,38
block,-4,-1,52
block,40,-3,87
breakableBlock,-10,11,36
block,-6,-2,67
block,4,-3,91
block,-11,-2,64
block,23,-4,90
block,14,0,83
block,-6,-3,81
block,20,0,92
block,-10,1,10
block,-5,-3,79
block,20,-2,92
breakableBlock,-13,11,36
breakableBlock,-4,5,31
block,18,1,92
block,45,2,83
block,60,-3,85
block,49,3,88
block,19,-3,86
block,57,-3,86
breakableBlock,-13,6,31
block,17,-1,83
block,-13,1,11
block,31,2,83
breakableBlock,-1,11,36
block,5,1,-24
block,-11,-2,65
block,9,1,-5
block,-3,1,19
block,-8,-1,60
breakableBlock,-3,6,31
breakableBlock,8,3,36
breakableBlock,-11,8,30
block,-3,1,27
block,-7,1,43
block,-11,1,15
block,-9,1,33
block,-13,1,23
block,67,-3,90
block,1,-2,71
block,33,3,87
block,4,1,-25
block,49,-4,84
block,-2,1,-20
block,-13,1,9
block,-9,-1,62
block,21,3,83
block,8,-2,66
breakableBlock,-1,9,30
block,-12,1,19
block,-7,-3,75
block,30,-3,83
block,-12,1,2
block,46,-3,86
block,28,-2,83
breakableBlock,-6,9,31
block,10,-3,83
block,4,1,40
breakableBlock,-9,6,31
block,-5,-3,90
block,43,1,92
block,51,1,92
block,16,3,91
block,3,-1,61
block,17,3,89
block,27,-2,83
block,0,-2,69
block,65,-3,88
breakableBlock,3,6,30
block,-3,1,23
block,-2,1,34
block,1,1,-18
block,32,2,83
block,-12,1,4
breakableBlock,-14,10,31
block,-10,1,42
breakableBlock,-12,4,36
block,11,3,84
block,-6,-1,59
breakableBlock,5,9,30
block,30,2,83
breakableBlock,6,8,36
block,0,1,-4
breakableBlock,-4,10,30
breakableBlock,7,9,31
block,1,-3,91
breakableBlock,0,11,36
block,-5,-1,60
block,50,-3,87
block,7,-3,74
block,-8,1,33
block,5,1,9
block,-8,1,20
breakableBlock,-8,5,30
block,56,3,86
block,5,1,35
breakableBlock,-5,2,36
block,-11,1,19
block,41,-4,84
block,7,1,30
breakableBlock,8,4,31
block,1,1,39
breakableBlock,-5,5,31
breakableBlock,9,11,36
block,9,1,27
block,-9,-3,78
breakableBlock,6,4,30
block,21,3,88
breakableBlock,8,7,30
block,50,-1,83
block,47,3,83
block,-3,1,3
block,-13,1,35
block,47,3,90
block,7,1,27
block,8,1,11
block,46,-3,89
block,37,-3,92
breakableBlock,-12,9,31
block,6,1,6
block,7,1,7
block,56,-3,83
block,30,-4,84
block,-6,1,-11
breakableBlock,5,8,30
block,-10,1,33
block,-12,-2,64
breakableBlock,-2,11,36
block,23,-3,83
block,-5,1,23
block,8,1,4
breakableBlock,-6,8,36
block,28,2,83
block,-7,-3,79
block,-1,-2,70
breakableBlock,-9,4,30
breakableBlock,4,6,36
block,1,1,33
block,6,1,13
block,-13,-3,79
block,13,3,87
block,48,-1,83
block,0,-2,68
block,13,-1,83
block,37,3,90
block,63,-3,85
block,-8,-1,53
breakableBlock,-7,5,31
block,4,1,38
block,6,1,-20
block,12,-3,88
breakableBlock,-2,4,36
breakableBlock,-9,3,36
breakableBlock,-8,9,36
breakableBlock,-13,7,31
block,49,0,83
block,7,-3,82
block,35,0,83
breakableBlock,-6,2,31
block,9,1,2
block,7,-1,52
block,-3,1,24
block,-13,1,-3
block,-9,-1,57
block,4,1,25
block,-12,1,-19
breakableBlock,-13,10,30
block,51,3,88
block,-6,-3,80
block,17,3,83
block,-13,-1,59
block,-2,-2,71
breakableBlock,8,3,30
block,51,-3,89
tree,7,2,-22
breakableBlock,-2,10,30
block,-9,1,45
block,-8,-1,58
block,-7,1,9
breakableBlock,-8,6,30
block,2,-2,70
block,9,1,-2
tree,-12,2,-13
block,-1,-1,63
block,-12,1,13
breakableBlock,-2,6,31
block,5,1,-7
block,6,1,11
block,-10,-3,90
block,-5,1,24
block,1,1,24
breakableBlock,6,8,31
breakableBlock,-1,4,30
block,-2,-2,68
block,5,-3,86
block,18,3,91
block,-7,1,6
block,9,-1,59
block,6,1,-4
block,-8,1,-25
block,24,-3,86
block,-7,-1,58
block,44,1,83
block,2,-1,54
block,26,3,86
block,46,3,84
block,4,-2,71
block,-14,1,5
block,-10,0,49
block,-1,1,-5
block,49,1,83
block,60,-3,90
breakableBlock,2,8,30
block,-12,1,31
block,60,-3,88
block,30,0,92
block,-2,0,46
breakableBlock,-6,10,36
breakableBlock,-13,9,31
block,7,-3,87
block,33,3,83
block,55,3,89
block,52,0,92
block,28,-3,89
tree,7,2,-19
block,18,-4,84
block,0,-3,73
breakableBlock,6,2,30
block,27,0,92
breakableBlock,-7,11,31
breakableBlock,5,7,31
block,-12,-3,87
block,-13,1,45
breakableBlock,-14,10,30
block,-1,-1,62
block,71,-3,82
block,62,-3,92
block,0,1,42
block,-2,-3,76
block,-6,1,13
block,-4,-2,67
block,9,1,29
block,39,3,88
breakableBlock,0,10,36
block,2,1,14
breakableBlock,-14,5,36
block,-5,1,-16
block,-10,1,-24
block,3,-3,77
breakableBlock,-7,4,36
block,30,-1,83
block,39,-3,89
block,-14,0,46
block,-11,1,-5
block,-7,1,28
block,36,-4,85
block,-2,1,33
block,13,-1,92
block,18,-1,92
block,53,-2,83
block,8,1,34
block,8,1,19
block,-6,1,23
block,-3,1,-21
block,5,1,44
block,36,-4,84
breakableBlock,-13,3,31
block,37,2,83
breakableBlock,2,7,31
block,-4,-3,91
block,1,-1,62
block,23,-2,83
breakableBlock,3,5,31
block,11,2,92
breakableBlock,8,7,31
breakableBlock,-3,6,36
block,-1,1,28
block,-7,1,12
block,35,-2,83
block,7,1,22
breakableBlock,-2,4,31
block,10,3,85
block,16,0,83
block,32,-4,91
block,-13,-1,58
breakableBlock,1,2,36
breakableBlock,-4,2,31
block,31,3,89
block,8,-3,91
block,2,1,27
block,-3,0,48
block,-5,1,3
block,-4,-2,68
block,41,-3,88
block,52,-4,91
block,-10,1,-5
block,-6,1,-16
block,-4,0,51
block,-14,1,31
breakableBlock,3,10,31
block,-3,1,38
breakableBlock,-9,4,36
block,14,-1,92
block,55,0,92
block,48,-3,92
block,-13,1,13
block,54,-4,84
block,53,3,87
block,3,1,26
block,28,1,92
breakableBlock,-11,9,30
block,70,-3,88
breakableBlock,3,6,36
block,36,-3,87
block,8,-1,54
block,4,-1,63
block,8,1,25
breakableBlock,1,9,30
block,4,-3,84
block,-10,-2,64
block,-9,-2,72
block,41,-3,92
block,-1,1,-4
block,26,-4,85
block,2,1,-24
block,-4,-3,85
block,8,1,7
block,-4,0,48
block,46,-4,84
block,-9,1,24
block,24,-2,92
block,-7,1,36
breakableBlock,-14,6,30
block,-6,1,-13
block,11,-3,83
block,2,1,40
block,1,1,-19
block,34,3,83
block,12,0,92
block,41,-1,83
block,0,1,40
breakableBlock,4,6,30
breakableBlock,-7,5,30
block,2,-3,82
block,37,-2,83
block,51,-4,91
breakableBlock,7,8,36
block,7,-1,60
block,6,1,37
breakableBlock,7,8,30
block,5,-3,82
block,-4,-1,62
block,8,1,23
block,-9,1,41
block,8,1,8
block,-4,-1,58
block,-9,1,-19
breakableBlock,-10,2,31
breakableBlock,-1,10,36
block,-5,1,29
block,4,-1,54
block,6,1,-15
block,17,3,86
block,-1,1,42
block,-5,1,33
block,-1,1,20
block,-12,-1,60
block,11,3,85
block,-1,-1,52
block,16,0,92
block,28,2,92
block,-12,1,28
block,6,1,-25
block,26,-4,91
block,-5,1,35
block,4,-3,78
breakableBlock,-5,6,36
block,-3,0,46
block,14,-1,83
breakableBlock,2,5,30
block,-10,-1,57
block,31,-4,85
block,21,1,83
block,-8,-1,55
block,44,-3,83
breakableBlock,-8,10,36
block,1,-1,60
block,56,2,92
tree,-12,2,-23
breakableBlock,8,6,31
block,26,3,83
block,-12,1,-15
block,-9,1,15
block,31,-1,83
block,28,0,83
block,19,-2,83
block,-1,-2,68
breakableBlock,3,9,30
block,33,3,91
breakableBlock,5,9,31
breakableBlock,0,2,30
block,-10,1,-4
breakableBlock,6,9,36
block,-9,1,7
block,42,-4,90
block,5,-1,63
breakableBlock,9,6,31
block,-11,-3,89
breakableBlock,-8,9,31
block,6,-3,84
block,2,1,26
block,41,0,92
block,53,-3,92
block,47,3,88
block,-1,-1,53
block,48,-3,86
block,55,0,83
block,59,-3,87
block,48,1,83
breakableBlock,9,3,31
block,25,3,86
block,21,-3,83
block,51,-4,90
block,9,-3,91
block,-11,-3,84
block,-13,1,43
block,31,-2,83
block,38,2,92
block,30,-4,85
tree,-11,2,-25
block,0,-1,61
block,-12,1,-8
block,7,-3,77
block,2,-2,64
block,38,-1,92
block,11,-3,92
block,3,1,21
block,-5,0,49
block,0,1,31
block,-5,1,-6
block,64,-3,92
block,8,-2,65
block,13,-4,85
block,52,-3,88
breakableBlock,-9,3,31
block,0,1,45
breakableBlock,6,9,31
breakableBlock,9,2,30
block,6,0,48
block,38,2,83
breakableBlock,-13,7,36
block,-9,1,28
block,0,-1,54
block,-11,1,44
block,-8,1,-21
block,3,-2,64
block,-11,1,4
block,9,-3,79
block,-8,-2,67
block,6,-1,54
breakableBlock,-3,8,31
block,-6,-1,61
block,44,2,83
block,9,1,35
block,1,-2,72
block,50,-4,90
block,2,1,42
block,3,-3,84
block,70,-3,89
breakableBlock,0,3,30
block,50,3,83
block,-12,1,34
block,-8,1,-13
block,8,1,-7
block,-8,-2,72
breakableBlock,3,2,31
block,5,1,20
block,55,-3,92
block,-12,1,-23
block,71,-3,91
block,-13,1,21
block,-14,-3,87
block,56,1,83
block,8,0,51
block,-8,-2,71
block,3,-1,52
block,53,0,92
block,-11,-2,66
block,30,3,89
block,36,3,85
block,3,1,11
block,-9,1,3
block,34,3,84
block,7,1,-4
block,20,1,83
block,4,1,3
block,45,-1,92
block,-13,-2,66
block,5,1,13
block,1,1,41
block,51,-1,83
block,37,3,83
block,35,-2,92
breakableBlock,1,7,36
block,55,-4,90
block,-12,1,27
block,40,3,89
block,35,-3,92
block,-8,1,-6
block,6,-1,60
block,56,3,87
block,28,-4,90
breakableBlock,6,7,36
block,53,1,83
block,-6,1,-9
block,21,-4,84
block,46,3,85
block,1,-3,82
block,1,0,48
block,-13,-1,53
block,51,-3,83
breakableBlock,5,3,31
breakableBlock,9,9,30
block,2,1,-14
block,15,-1,92
block,-7,1,-22
block,-10,-2,68
block,5,-3,75
block,0,-3,86
block,7,1,41
block,42,1,92
block,-9,1,-18
block,0,1,20
breakableBlock,4,9,36
block,6,1,41
block,62,-3,91
breakableBlock,-7,2,31
block,45,1,83
block,27,-4,90
block,-9,1,-24
breakableBlock,-13,3,36
block,2,1,-4
block,-2,1,31
block,10,2,83
block,49,-4,91
block,-14,1,38
breakableBlock,6,7,31
block,39,0,92
block,67,-3,92
block,44,3,90
block,-4,1,28
breakableBlock,-11,10,36
block,-2,-1,59
block,31,-3,92
tree,-12,2,-25
block,6,-3,78
breakableBlock,-8,2,36
block,5,1,5
block,-7,1,24
block,33,3,85
block,7,0,47
block,53,-4,91
block,5,1,26
block,44,3,89
block,49,-4,90
block,26,-2,92
breakableBlock,2,4,36
block,6,-1,55
block,-7,1,4
block,-2,1,-15
block,21,-4,85
block,-7,-1,63
block,2,1,-25
block,48,-3,89
block,-4,-3,86
block,-7,0,50
block,0,1,29
block,9,1,10
block,-6,1,-22
block,-9,0,50
block,-11,1,-2
block,68,-3,83
block,10,-2,92
block,20,3,84
block,-3,1,31
breakableBlock,-5,3,30
block,71,-3,87
block,5,1,-19
breakableBlock,3,7,30
block,42,3,85
block,36,-3,86
block,-3,1,-25
block,-4,1,25
block,24,0,83
block,-7,-1,55
block,48,-4,84
block,10,-3,89
block,-5,1,21
breakableBlock,-1,3,31
block,30,-4,90
block,4,-3,76
block,-4,1,-8
block,35,3,86
block,1,1,9
block,52,2,92
block,-11,0,46
block,-6,1,-25
block,2,-2,68
block,1,0,50
block,7,1,-7
block,15,-3,83
block,-1,-1,60
breakableBlock,8,2,30
block,47,-1,83
block,6,1,21
block,4,1,43
breakableBlock,-5,5,30
breakableBlock,7,10,31
block,-1,1,-11
breakableBlock,4,3,30
block,49,3,91
block,-5,1,-17
block,6,1,26
block,7,1,-23
block,5,1,-4
block,64,-3,84
block,0,-3,85
block,-14,-2,64
block,-14,1,7
block,24,3,84
block,5,1,12
block,-6,1,32
block,44,-1,83
block,6,-2,67
block,-3,-3,75
block,3,-2,67
breakableBlock,-11,5,31
block,-14,-1,62
block,-7,-3,87
block,-1,1,5
block,8,1,9
block,5,1,15
block,-13,-3,86
block,40,-4,85
block,41,3,83
block,34,0,92
block,9,1,19
breakableBlock,1,9,31
block,-10,1,-16
block,33,1,83
block,30,-1,92
block,-4,1,32
breakableBlock,2,3,36
breakableBlock,4,3,31
block,7,1,-17
block,-7,-3,86
block,18,-4,90
block,63,-3,84
breakableBlock,-6,4,30
block,19,-2,92
block,1,0,47
block,-7,1,16
block,-13,1,22
block,-1,-1,55
breakableBlock,4,2,31
block,-13,-1,62
block,30,3,84
block,-8,1,16
block,-11,1,21
block,1,1,-8
block,62,-3,93
block,7,1,-15
block,-14,-3,82
block,20,2,83
block,-1,-2,71
block,-14,0,48
block,1,-3,79
block,38,3,86
block,48,3,92
block,-7,1,3
breakableBlock,5,8,36
block,11,-3,88
breakableBlock,-9,2,30
breakableBlock,0,2,36
block,-1,1,-21
block,8,1,38
breakableBlock,0,7,36
block,15,3,90
block,19,3,84
breakableBlock,-7,4,31
breakableBlock,-5,3,36
breakableBlock,5,10,36
block,6,1,22
block,-8,1,8
block,-8,-3,81
block,20,-4,90
block,-13,-3,88
block,52,3,92
block,6,1,20
block,5,1,10
block,-12,1,-22
block,5,1,31
block,40,-3,83
block,31,-3,89
block,15,-4,84
block,-6,1,30
breakableBlock,4,5,36
block,9,0,47
block,6,1,28
block,6,-1,52
block,7,0,50
block,21,-3,86
block,41,3,91
tree,7,2,-16
block,-1,1,24
block,46,1,92
block,-14,1,8
breakableBlock,4,2,36
block,-7,1,-14
block,-10,1,6
block,-12,-3,89
breakableBlock,2,4,30
breakableBlock,-10,10,36
block,23,3,92
tree,-12,2,-24
block,7,1,21
block,1,1,-15
block,-4,1,3
block,23,0,92
block,-8,-3,79
block,-12,1,6
block,1,1,19
block,5,-1,58
block,-11,1,30
block,-9,1,-20
block,-9,0,48
block,7,0,46
breakableBlock,9,7,30
block,-5,-3,84
block,15,3,84
block,10,-3,92
block,-12,1,-24
block,3,-3,87
block,0,1,-3
block,-8,1,-15
block,-12,1,35
block,-4,1,-7
block,31,3,92
block,-9,-3,88
block,32,-1,92
block,47,-4,90
block,-3,1,-12
block,6,1,39
block,54,-4,85
breakableBlock,-1,5,30
block,57,3,87
block,-12,-3,76
block,48,-4,91
block,46,3,83
block,-2,-1,55
block,-10,1,37
block,-9,-3,85
block,-10,-3,74
block,63,-3,93
block,-12,-1,52
block,53,-3,83
block,33,-3,92
block,45,-3,88
block,-9,-2,71
block,-8,1,42
breakableBlock,-2,9,36
block,53,3,86
tree,-12,2,-16
breakableBlock,-12,8,36
block,16,3,83
block,-8,1,41
block,30,3,85
block,6,-2,71
block,65,-3,87
block,-6,-3,75
block,-12,1,45
block,4,1,6
breakableBlock,-4,2,30
block,-3,1,29
block,6,1,-19
block,21,3,90
block,64,-3,85
breakableBlock,-3,3,31
block,9,1,44
block,48,0,92
block,-2,1,42
block,56,2,83
block,19,3,92
block,7,0,48
block,2,0,49
block,5,1,29
block,-1,-1,59
block,-2,-3,91
block,6,1,35
block,35,3,84
block,19,2,83
block,8,0,49
block,-9,1,-7
block,47,-1,92
block,-7,1,11
block,24,3,90
block,-9,-3,74
block,-10,0,46
block,42,3,92
block,-12,1,9
block,0,-3,87
block,2,1,20
block,-9,-3,82
block,2,0,50
block,-7,-3,83
block,21,-3,88
block,1,-3,75
block,42,3,89
block,-5,1,32
block,-14,1,26
block,24,3,87
block,-5,1,-23
block,13,3,88
block,38,3,91
block,51,3,92
block,28,-4,85
block,-2,-3,73
breakableBlock,8,3,31
block,22,-3,87
block,4,1,-15
block,39,-2,83
block,39,2,92
block,-6,1,7
block,-6,-1,62
block,10,2,92
block,3,1,2
block,43,3,91
block,67,-3,84
block,16,-3,86
block,1,1,-23
block,-6,1,21
block,19,1,83
block,3,1,13
block,30,3,87
block,-13,-2,67
block,-10,-2,66
block,-10,1,15
block,4,-3,77
block,16,3,85
breakableBlock,-9,9,30
block,42,-3,89
block,7,-3,73
block,-4,1,41
block,-6,-3,86
block,5,-3,87
block,-10,1,3
block,69,-3,87
block,1,-3,87
block,7,1,-2
block,18,-2,92
block,43,-1,83
block,51,0,83
block,-9,1,10
block,40,-3,92
breakableBlock,2,11,36
block,19,3,87
block,2,-1,58
block,9,1,30
block,-10,1,13
block,55,-2,92
block,6,1,-5
block,39,-2,92
block,68,-3,84
block,-4,1,37
block,0,-1,57
block,6,1,7
block,37,-3,89
block,-2,-1,61
block,44,-4,91
block,-10,1,8
block,-3,1,25
breakableBlock,7,7,36
breakableBlock,-9,5,36
block,-12,-3,86
block,42,3,90
block,-5,1,36
block,5,1,41
block,-3,1,-18
block,60,-3,83
block,7,1,44
block,45,-3,92
block,53,3,84
block,26,3,91
block,2,1,6
block,-8,1,27
block,-14,1,-8
block,12,3,91
breakableBlock,7,2,36
block,-10,-3,76
breakableBlock,-3,3,36
block,0,-3,90
block,-3,1,26
block,2,1,35
block,4,1,31
block,-2,1,-11
breakableBlock,9,8,31
block,7,1,38
block,26,-1,92
breakableBlock,-12,5,36
block,38,3,83
breakableBlock,6,9,30
block,0,1,-14
block,6,-1,63
block,2,0,47
breakableBlock,-13,8,30
block,0,-3,75
block,-6,1,33
block,7,1,-13
block,26,2,83
block,-1,1,-15
breakableBlock,8,9,30
block,38,-3,88
block,-3,-1,60
block,38,-2,92
block,13,3,92
block,45,0,83
block,2,-3,89
block,5,1,-16
block,51,-1,92
block,54,-3,86
block,51,-3,86
block,1,1,29
breakableBlock,3,7,31
tree,-10,2,-25
block,4,1,-8
block,69,-3,89
breakableBlock,1,9,36
block,-7,1,27
block,55,-4,84
block,38,-3,92
block,9,1,32
block,22,-1,83
breakableBlock,8,10,30
block,-1,-1,58
block,48,-3,88
breakableBlock,8,11,30
block,-11,1,34
block,35,-4,84
block,-4,-1,56
block,-3,1,34
block,4,-1,58
block,-10,1,9
block,25,0,83
block,8,1,41
block,22,3,86
block,2,0,46
block,-1,-3,81
breakableBlock,-1,7,36
block,5,0,50
block,42,0,92
block,-9,1,37
block,6,-2,70
block,-3,1,-5
block,3,1,-24
block,-9,1,6
block,20,3,91
block,33,-2,83
block,-2,1,32
block,-11,1,-3
block,56,-1,92
block,-1,1,40
block,1,-3,86
block,-5,1,28
breakableBlock,-3,11,36
block,19,-4,85
block,3,-3,80
block,14,3,92
block,4,1,-7
block,-9,-3,83
breakableBlock,5,10,31
block,46,3,89
block,2,1,33
block,20,3,90
block,24,1,83
block,-3,1,-8
block,-10,1,-23
block,6,1,-16
block,-3,0,47
block,18,3,89
block,-8,1,30
block,0,1,21
block,7,-3,83
block,-5,1,-3
block,8,0,50
block,36,-3,89
block,-11,-3,75
block,17,-3,88
tree,-5,2,-25
block,-9,1,8
block,51,0,92
block,69,-3,82
block,-9,1,-4
block,-4,1,39
block,14,-4,85
block,4,-2,66
block,-6,1,19
block,-8,1,2
block,0,1,-24
block,-14,-3,81
block,-1,1,23
block,-6,1,43
block,14,3,85
block,-7,1,8
block,-6,-2,71
breakableBlock,-10,2,36
block,-11,-3,82
breakableBlock,-9,8,36
block,40,3,83
block,7,1,40
block,-11,-1,59
block,25,2,83
block,-9,1,34
block,-10,1,30
block,4,1,-21
block,-10,1,24
breakableBlock,0,9,31
block,1,1,-10
block,0,1,43
block,49,1,92
block,-5,-3,83
block,5,-1,61
block,21,-3,87
breakableBlock,-13,6,36
block,53,3,90
block,-13,-3,80
block,4,1,-24
block,23,1,83
block,11,-3,87
block,-5,-1,54
block,6,1,-3
block,-5,-2,70
block,54,-3,89
block,2,1,-21
block,-7,1,-25
breakableBlock,-13,3,30
block,16,3,90
block,4,0,48
block,19,1,92
block,57,-3,89
block,9,1,24
tree,-9,2,-25
breakableBlock,8,8,30
breakableBlock,-11,2,36
block,3,-3,90
block,55,-3,89
breakableBlock,5,3,30
block,3,1,10
block,3,-1,62
block,-5,-3,91
block,49,-2,83
block,41,3,92
block,4,1,45
block,6,1,23
block,9,1,12
block,-4,0,47
block,45,-2,92
block,-11,1,20
breakableBlock,5,6,30
breakableBlock,-7,3,30
block,-8,1,3
block,23,3,85
block,4,1,-14
block,38,3,85
block,-11,1,2
block,8,-1,60
block,2,1,-3
block,-3,-3,77
breakableBlock,3,10,30
block,57,0,92
block,61,-3,83
block,47,-4,91
block,50,3,87
block,27,-4,84
block,9,-3,84
block,6,-3,82
block,0,-2,65
block,-11,1,23
block,67,-3,86
breakableBlock,-14,5,30
breakableBlock,3,2,30
block,15,-3,88
block,33,3,89
block,-2,-1,57
breakableBlock,-6,7,36
block,9,-1,54
breakableBlock,-4,8,30
block,4,1,-4
block,6,-1,56
block,3,-3,82
breakableBlock,-13,9,30
block,43,-3,86
block,41,-3,83
block,-12,1,29
block,-11,-3,90
block,61,-3,91
block,43,3,92
block,60,-3,82
block,-9,1,-22
block,64,-3,83
block,32,2,92
breakableBlock,-12,8,31
block,-9,-3,87
block,8,1,31
block,16,3,84
block,-12,1,-25
breakableBlock,-5,2,31
block,-6,-1,57
block,6,1,40
block,9,1,5
block,-14,-1,54
block,53,3,91
block,21,-1,83
block,35,-1,92
block,-4,-3,81
block,37,3,84
block,1,1,21
breakableBlock,-2,11,31
breakableBlock,-1,5,36
block,5,1,11
block,-11,-1,56
block,68,-3,87
block,-4,-1,54
breakableBlock,-3,6,30
block,10,3,84
block,0,1,-2
block,7,0,51
block,-5,-1,59
block,-1,1,-18
block,5,1,-14
block,9,1,45
block,50,1,83
block,7,1,9
block,-7,-3,88
block,7,-1,55
block,-10,1,29
block,1,1,12
block,17,3,87
block,6,-3,73
block,-11,-3,85
block,10,1,92
block,2,-1,57
breakableBlock,3,4,31
breakableBlock,6,3,30
breakableBlock,0,8,30
block,34,-2,83
block,8,1,22
block,-1,1,45
block,10,3,89
breakableBlock,8,10,31
block,15,-4,91
block,-2,1,-8
block,-5,1,-20
breakableBlock,0,11,31
block,17,0,92
breakableBlock,-4,6,36
block,-7,-1,59
block,-11,1,40
block,3,-1,56
breakableBlock,-9,11,36
block,-11,1,25
block,-14,-1,61
block,-14,1,35
block,5,0,47
block,8,-1,62
block,68,-3,85
block,-11,1,12
block,-5,1,-13
block,7,1,35
block,57,-3,87
block,56,1,92
block,32,3,89
block,9,1,9
block,20,2,92
block,3,-2,69
block,-3,1,7
block,2,-2,67
block,23,-3,92
block,21,3,91
breakableBlock,-7,2,30
block,-14,1,9
block,6,-2,68
block,-7,-2,67
breakableBlock,-10,5,31
block,2,1,15
block,63,-3,83
block,3,1,33
block,6,-1,58
block,-1,1,25
block,-5,-2,72
block,6,-2,72
block,45,3,90
block,33,3,86
block,7,1,-8
block,6,-2,64
block,28,0,92
block,60,-3,89
breakableBlock,0,9,36
block,-13,1,-6
breakableBlock,-9,10,31
breakableBlock,7,4,36
breakableBlock,-2,2,36
breakableBlock,-6,5,36
block,2,-3,80
block,-1,1,34
block,-6,1,20
breakableBlock,-10,8,31
breakableBlock,8,8,36
block,-13,0,51
block,-12,1,40
breakableBlock,5,11,30
block,1,1,26
block,-7,1,45
breakableBlock,9,10,36
block,53,-2,92
block,21,-3,92
block,-7,-3,74
block,8,-3,77
block,-4,-1,53
block,-14,0,51
block,-11,1,-8
block,-6,1,-4
block,6,1,-8
block,4,1,-20
breakableBlock,5,7,30
block,-13,1,3
block,-8,1,-17
block,-4,1,20
block,-4,1,-4
block,-13,1,38
block,57,3,85
block,42,-4,85
breakableBlock,-10,11,31
block,-12,1,24
block,18,3,88
block,38,0,83
block,-12,1,16
breakableBlock,-12,2,31
block,7,-2,65
block,8,-1,63
block,-12,0,50
block,7,1,19
breakableBlock,-4,3,30
block,30,-3,92
block,42,-1,83
block,45,-3,87
block,0,0,46
block,1,1,15
block,-1,1,33
block,1,1,23
block,8,-3,74
block,32,3,91
block,-8,-3,73
block,16,-4,85
block,9,-2,71
block,-2,1,-3
block,50,1,92
block,12,3,87
block,40,-2,92
block,5,-1,59
block,38,1,83
block,53,3,89
breakableBlock,-2,5,30
breakableBlock,-2,3,36
block,23,2,92
breakableBlock,-14,11,31
block,19,3,89
block,0,-2,70
block,9,1,43
block,-14,-3,77
block,-8,1,-22
block,-10,-2,70
block,31,-4,90
block,-8,-1,54
block,-12,1,8
block,-12,1,-5
block,45,-3,86
breakableBlock,5,3,36
block,3,1,15
breakableBlock,4,7,30
block,-11,0,50
block,-8,1,13
block,53,-1,92
block,-13,1,-4
block,-10,1,-14
breakableBlock,-3,10,36
block,3,1,36
block,36,-2,92
block,8,1,20
block,-1,-3,84
block,5,1,19
block,21,-2,83
block,2,-2,69
block,63,-3,88
breakableBlock,-10,10,31
breakableBlock,-5,8,30
block,29,-1,83
block,6,-3,81
block,5,1,-20
block,-5,-1,55
block,-10,1,-22
block,-14,-3,86
block,3,-3,78
block,22,-3,83
block,7,-3,85
block,4,1,4
block,-5,1,30
block,-2,1,37
block,20,-1,92
block,4,1,5
block,5,-2,69
block,-4,1,24
block,18,3,83
block,-13,-1,57
block,8,0,47
block,50,-2,92
block,-10,1,4
block,-1,0,47
block,37,3,85
block,20,-4,91
breakableBlock,-7,7,30
block,-6,1,41
block,-9,-1,54
block,7,-3,79
block,-1,1,-9
block,25,-3,87
block,46,-2,83
breakableBlock,-3,5,31
tree,7,2,-14
block,-9,1,-14
block,7,-1,56
block,2,1,7
block,11,1,92
block,-10,1,19
breakableBlock,2,7,30
breakableBlock,-3,10,31
block,-6,-3,83
block,-3,-3,76
block,36,0,92
block,30,3,92
block,-9,1,35
block,3,1,12
block,44,-3,89
block,-11,1,27
block,-8,-3,89
block,-3,1,2
block,4,-3,86
block,3,-2,65
block,29,-3,92
block,35,0,92
block,-8,1,14
block,43,-3,88
block,-8,-3,77
block,-1,-3,91
breakableBlock,-8,2,30
block,-3,1,-2
breakableBlock,1,3,30
tree,-1,2,-25
block,-5,-2,67
block,12,1,92
block,-11,-1,61
block,-11,1,36
block,15,-2,83
block,27,-3,88
block,-2,-2,70
block,-3,1,-14
block,-11,-3,86
block,42,-2,83
block,-13,0,48
block,50,0,92
block,3,1,35
block,-9,-3,80
block,-11,-1,60
block,-6,-1,56
block,26,3,89
breakableBlock,3,2,36
block,24,3,89
block,64,-3,86
block,-2,1,28
block,7,1,3
block,9,1,13
block,62,-3,85
block,69,-3,84
block,-2,1,7
block,48,3,88
block,46,-4,91
breakableBlock,8,4,36
block,5,-1,52
breakableBlock,-10,3,31
block,19,-1,92
block,-4,1,45
breakableBlock,7,5,30
breakableBlock,-14,3,36
block,44,3,84
block,0,1,32
block,6,-1,62
block,3,1,32
breakableBlock,4,4,30
block,-10,-3,86
breakableBlock,1,5,31
block,20,-2,83
block,-11,1,-6
block,3,1,-20
block,-12,-2,70
block,3,-2,70
block,-3,-3,84
block,-4,1,23
block,47,3,91
block,34,3,86
block,-12,1,-21
block,13,3,90
block,41,3,86
block,8,1,40
block,-2,1,29
block,32,-4,85
block,49,-3,83
block,8,0,48
block,15,3,87
block,2,1,41
block,-5,-3,78
block,22,2,83
block,7,-3,80
block,-8,-2,66
block,22,0,83
block,35,3,85
block,-14,-1,53
breakableBlock,6,5,30
breakableBlock,-1,2,30
tree,-12,2,-14
breakableBlock,-1,11,30
block,44,-2,92
block,34,3,87
breakableBlock,6,11,30
breakableBlock,-9,7,36
block,13,3,91
block,-2,1,43
block,43,3,83
block,8,-2,71
block,-9,1,31
block,54,3,92
block,52,3,88
breakableBlock,-5,5,36
block,2,-3,73
block,51,3,85
breakableBlock,-6,11,31
block,4,1,35
block,22,-3,86
block,53,-4,90
block,24,-4,85
block,-7,1,2
block,26,-3,86
block,8,-1,58
breakableBlock,-8,11,31
block,47,2,83
block,59,-3,88
block,-7,-2,65
block,-14,1,4
block,46,0,92
block,-8,1,12
block,27,3,84
block,-1,1,-10
block,-3,-3,81
block,-4,1,-20
block,18,-3,87
block,29,3,91
block,17,2,92
breakableBlock,-10,10,30
block,0,1,36
block,7,-1,62
block,4,1,28
block,-2,1,4
block,46,0,83
block,-3,-3,82
block,-6,1,14
block,-7,-1,60
block,1,-3,76
block,18,3,92
breakableBlock,4,9,31
block,49,3,84
block,-1,1,2
block,12,3,84
block,29,3,92
block,50,-3,88
block,-13,-3,83
block,-8,1,43
breakableBlock,1,11,36
block,37,0,92
block,16,3,92
breakableBlock,-5,11,36
block,3,1,31
breakableBlock,-6,6,31
block,39,-4,84
breakableBlock,-13,10,31
block,-9,-3,81
breakableBlock,-4,6,30
block,1,1,16
block,27,3,88
block,17,3,85
block,-3,-3,73
block,2,-3,85
block,37,3,92
block,-1,-3,77
breakableBlock,-7,4,30
breakableBlock,5,6,36
block,3,-3,91
block,-11,1,-13
breakableBlock,7,10,30
block,25,3,89
tree,5,2,-25
block,2,-3,74
breakableBlock,-10,6,30
block,22,-4,84
block,-1,1,35
block,-8,1,25
block,1,-3,78
block,33,3,90
block,-14,-3,74
block,70,-3,86
block,5,1,-13
breakableBlock,-9,8,30
block,50,-3,86
block,5,1,45
block,-13,1,30
block,-2,-3,85
block,50,-2,83
block,-2,1,-13
block,39,3,85
block,9,-2,67
block,1,1,28
block,-3,1,4
block,1,-3,80
block,6,1,16
block,-6,-3,91
block,-14,0,49
block,10,3,90
block,2,1,30
block,55,-2,83
block,-1,-3,82
block,-2,1,6
block,19,3,88
block,3,1,-2
block,2,-1,63
block,6,1,-18
block,29,3,87
breakableBlock,-13,5,30
breakableBlock,7,7,31
block,49,-1,92
block,2,1,5
block,3,1,22
block,-2,1,40
block,-6,1,40
breakableBlock,0,2,31
block,7,1,8
block,-9,-1,63
block,-4,-2,66
block,-1,-3,83
block,-6,-1,52
block,1,0,46
block,32,-4,90
breakableBlock,-9,11,30
block,-7,0,46
block,-14,-2,65
block,-2,1,5
block,43,3,88
block,66,-3,86
block,-10,1,34
block,11,3,88
block,18,3,84
block,22,3,88
block,5,-3,79
block,-6,-1,60
block,-6,0,46
block,57,-1,83
block,38,1,92
block,26,0,92
block,32,3,83
breakableBlock,-7,3,31
block,5,1,24
block,44,0,92
block,-8,-3,74
breakableBlock,7,2,30
block,43,0,83
block,19,3,90
block,64,-3,93
block,-2,-3,79
block,27,3,90
block,-11,-3,76
block,33,-4,91
block,1,-3,90
block,5,1,36
block,-9,1,-6
block,21,1,92
block,-10,1,14
block,35,-4,90
block,-14,-3,75
block,68,-3,90
block,-10,0,50
block,1,-2,66
block,-4,1,35
block,9,-2,70
breakableBlock,0,6,31
block,57,-2,83
block,2,1,25
block,42,-2,92
block,68,-3,82
breakableBlock,-7,10,30
block,5,0,49
breakableBlock,-1,5,31
block,40,-4,90
block,11,3,92
block,36,-3,88
block,-9,0,49
block,-3,-1,62
block,-14,1,16
block,-13,-3,85
block,-12,-1,57
breakableBlock,8,2,36
block,45,2,92
block,-7,1,-16
block,-8,1,9
block,6,1,32
block,21,3,86
block,-2,1,45
block,9,-3,77
block,14,-4,91
tree,7,2,-21
block,57,3,90
block,29,-4,91
block,62,-3,83
block,-2,-1,52
block,25,-4,84
block,-14,-3,80
breakableBlock,-3,11,30
block,52,-4,90
block,-7,-1,62
block,62,-3,84
block,65,-3,89
breakableBlock,5,2,31
block,9,1,25
block,33,-4,90
block,-4,-3,78
block,-9,1,-13
block,-14,-1,63
block,25,1,92
tree,-12,2,-15
block,10,-1,83
breakableBlock,-3,5,30
block,11,-1,92
block,-13,1,15
block,0,1,3
block,-1,1,7
block,-14,-3,83
block,12,1,83
block,22,-3,88
breakableBlock,7,6,36
block,11,3,86
breakableBlock,-13,2,31
block,7,1,16
block,49,3,90
block,-7,-2,68
block,-4,1,21
block,28,3,83
block,2,1,-17
breakableBlock,-10,5,36
breakableBlock,8,8,31
block,0,1,-5
block,58,-3,89
block,-10,-3,91
block,10,-3,87
block,1,1,34
block,-3,1,-7
breakableBlock,2,9,31
block,18,3,90
block,-6,1,22
block,3,-1,53
block,22,1,92
block,56,-2,92
block,4,1,42
block,-6,1,5
block,3,1,7
block,49,3,86
block,2,-3,90
block,3,0,48
block,-5,-3,86
breakableBlock,5,5,36
block,-7,1,31
block,-8,1,26
block,44,-1,92
block,9,-2,65
block,56,3,92
block,-7,1,23
block,23,2,83
block,-11,-2,69
block,9,-3,73
block,46,-3,92
breakableBlock,-5,7,30
block,31,-2,92
block,-8,-3,84
block,-8,-3,82
block,56,-4,85
block,55,3,83
block,19,-3,87
breakableBlock,8,5,30
breakableBlock,9,4,30
block,3,-3,89
block,37,-1,83
block,-12,1,14
block,-11,-3,88
breakableBlock,-3,5,36
block,4,1,10
block,32,3,85
block,-12,1,22
block,19,-4,90
block,1,-3,84
block,53,3,83
block,56,-3,88
block,-11,-1,58
block,-1,1,36
block,1,1,40
block,2,0,48
block,-6,-3,79
block,48,3,90
block,20,3,89
block,-14,-3,78
block,71,-3,83
block,-7,-3,90
block,55,3,85
block,3,1,-17
block,6,-1,53
block,28,-4,84
block,-12,-3,84
breakableBlock,-1,7,31
block,5,1,43
block,-5,-2,64
block,-1,1,30
block,-13,1,24
block,19,2,92
block,1,-2,65
breakableBlock,-12,6,30
block,-11,-3,73
breakableBlock,-10,4,36
block,7,1,45
block,1,1,-12
block,40,-3,86
block,-4,-3,83
block,11,1,83
block,27,-1,92
block,34,-4,84
block,2,1,38
block,-11,1,41
block,69,-3,93
block,4,1,-22
block,2,-3,77
block,37,3,86
block,-11,1,11
block,28,3,88
block,45,-4,90
block,-10,1,-15
block,15,2,83
block,39,1,83
block,-4,1,30
block,1,1,30
block,71,-3,89
block,-14,-3,84
block,-6,-3,88
block,-3,1,-15
block,48,3,89
block,5,-3,90
breakableBlock,-3,3,30
block,40,3,87
block,32,-1,83
block,-2,-3,87
block,13,0,92
block,0,1,-23
block,47,3,87
block,61,-3,84
block,-4,1,33
block,20,-3,89
block,-3,-2,70
block,70,-3,83
block,12,-3,86
block,53,3,85
block,1,1,14
block,7,1,-24
block,-12,1,5
breakableBlock,-3,7,36
block,12,-4,85
breakableBlock,-10,8,36
block,13,0,83
block,-5,1,-18
block,27,3,86
block,9,-3,88
breakableBlock,-5,4,31
tree,7,2,-25
breakableBlock,4,8,30
block,66,-3,89
block,-3,-3,85
breakableBlock,8,6,30
block,12,-3,87
block,46,3,91
block,-5,-3,88
block,0,-2,67
block,2,1,2
block,1,-2,70
breakableBlock,-4,9,30
block,-8,-3,76
breakableBlock,-12,7,36
block,0,-3,91
block,-8,1,24
block,-9,1,38
breakableBlock,8,4,30
breakableBlock,-4,3,36
block,3,1,6
block,36,-4,90
block,55,-1,83
block,33,-2,92
block,21,-1,92
block,-2,1,38
breakableBlock,8,7,36
block,-10,-3,82
block,51,2,92
block,34,-3,89
block,-10,1,43
block,-5,-1,63
block,-2,1,-21
breakableBlock,-6,3,31
block,60,-3,91
block,-9,1,20
block,2,1,9
block,7,1,-3
breakableBlock,-1,3,30
block,9,-1,57
block,20,3,87
block,-8,1,-8
block,2,1,-7
block,27,3,83
block,38,3,89
block,53,2,92
block,-9,0,46
block,23,-1,92
breakableBlock,-7,8,31
block,1,1,3
breakableBlock,-8,11,30
block,-4,1,4
breakableBlock,-12,3,30
block,3,1,30
block,4,1,13
block,0,-3,76
block,-12,1,-18
block,27,0,83
block,-3,-3,90
breakableBlock,7,4,30
block,13,-3,92
block,-13,1,2
block,40,-3,88
block,34,2,83
block,20,-3,87
block,-12,0,48
block,22,1,83
tree,1,2,-25
block,-2,-2,72
block,-3,1,44
block,9,1,4
breakableBlock,3,8,36
breakableBlock,-1,3,36
block,-3,1,43
block,18,-3,86
block,71,-3,86
block,30,3,90
block,5,1,33
block,-14,1,33
block,-10,-3,83
block,53,-3,89
block,-13,1,14
breakableBlock,-12,11,31
block,9,-3,83
block,21,-2,92
block,51,3,84
block,-14,1,-3
block,31,-3,86
block,-3,-1,53
block,-12,1,38
block,-11,1,-19
block,32,3,88
block,-2,-1,58
block,9,0,49
breakableBlock,-11,8,31
block,-6,1,9
block,11,-4,84
block,40,-4,84
block,2,-2,71
block,-6,1,31
block,-9,-3,73
block,49,0,92
breakableBlock,-11,4,31
block,21,3,89
block,60,-3,92
block,34,-3,87
breakableBlock,-12,7,30
block,43,1,83
block,47,-4,84
block,0,1,27
block,32,-3,87
block,14,3,83
block,0,1,-18
block,10,-4,84
tree,0,2,-25
block,0,0,47
block,-11,0,48
block,-2,1,30
block,4,0,51
block,4,-2,65
block,-10,-1,55
block,28,-3,88
block,3,1,-4
breakableBlock,-3,7,30
block,24,3,83
block,8,-2,70
block,30,3,91
block,45,3,84
breakableBlock,8,6,36
breakableBlock,3,6,31
block,6,1,3
breakableBlock,-4,7,31
block,5,1,-21
block,14,1,83
block,4,1,-17
block,29,3,84
block,44,2,92
block,27,1,83
block,57,-1,92
block,-6,1,38
block,-2,-3,81
breakableBlock,6,3,31
block,22,-4,85
block,-9,-1,61
breakableBlock,3,11,36
block,4,1,-6
block,31,3,85
block,66,-3,91
breakableBlock,-2,7,36
block,-4,-3,80
block,34,-3,86
block,-12,-3,88
block,-14,1,28
block,4,1,23
block,-9,-1,55
block,-14,1,21
block,71,-3,93
block,41,-3,87
block,24,2,83
breakableBlock,-8,7,36
block,4,-3,75
block,-13,-2,71
block,40,2,83
block,-13,-3,77
block,-14,0,47
block,8,-3,85
block,-8,0,48
block,40,3,91
block,-5,1,25
block,9,1,-4
block,8,1,2
block,66,-3,93
breakableBlock,-11,7,30
block,4,-3,81
block,54,-2,92
block,7,-1,54
breakableBlock,6,2,31
block,4,1,19
breakableBlock,6,2,36
block,0,-1,56
block,34,3,90
block,-14,1,-2
block,-3,1,-17
breakableBlock,8,9,31
block,18,1,83
block,-2,-1,54
block,50,3,88
block,41,3,84
block,-14,-2,70
block,5,-1,55
block,48,-4,85
block,2,1,3
block,7,1,-6
breakableBlock,2,6,31
block,6,-1,59
breakableBlock,-1,9,31
block,22,-1,92
block,5,-2,71
block,-6,1,-12
block,-5,-2,66
block,-3,1,-22
block,2,1,-5
breakableBlock,0,4,36
block,-12,-2,66
block,23,0,83
block,55,1,92
block,7,1,34
block,23,1,92
block,-11,1,43
block,29,-3,87
breakableBlock,-11,10,30
block,8,-3,89
block,-6,1,26
block,-8,1,45
block,8,1,42
breakableBlock,-12,6,36
block,1,-1,53
block,57,-4,84
block,34,-3,92
block,-9,-3,76
block,69,-3,88
block,-8,1,34
block,16,-1,83
block,-13,1,-2
block,56,0,92
block,38,-3,87
block,65,-3,90
block,-4,1,27
block,35,-4,91
block,4,-2,72
block,8,-2,64
block,-10,-1,53
breakableBlock,9,10,31
block,57,-3,83
block,-11,1,7
block,30,2,92
block,-12,-3,82
block,36,-2,83
block,-11,1,-21
block,-3,-3,87
block,24,3,86
block,-7,1,5
block,5,1,-18
block,6,-3,90
block,-8,1,4
block,-4,1,-22
block,14,-3,88
block,-8,-3,87
block,-14,-1,58
block,18,-2,83
block,1,1,37
block,36,3,87
block,15,-1,83
block,43,-4,91
block,11,3,83
block,-3,-3,79
block,-3,1,45
block,-10,1,21
block,8,1,24
block,6,-3,91
block,4,-1,62
block,-5,1,7
block,36,1,92
breakableBlock,-7,10,31
block,-8,-3,88
block,47,0,92
block,38,0,92
block,68,-3,88
block,20,-1,83
block,-10,1,11
block,35,3,90
block,-7,1,-23
block,2,1,22
block,14,-4,84
breakableBlock,-8,6,31
block,18,2,83
block,-8,1,7
block,-1,1,27
block,-9,0,51
block,19,-3,83
breakableBlock,-10,3,30
block,-8,0,50
block,53,1,92
block,24,-3,83
block,33,0,92
block,-11,1,33
block,25,-1,83
block,26,-3,89
block,67,-3,93
block,37,-4,84
block,48,3,86
block,-2,-2,69
breakableBlock,-6,3,36
block,52,-2,92
block,39,3,84
block,43,3,86
block,52,3,87
block,41,-4,90
breakableBlock,-9,3,30
block,20,-3,88
block,5,1,-25
block,7,1,26
block,4,-2,70
block,-10,1,35
breakableBlock,9,5,31
block,44,3,88
block,16,1,83
block,-5,1,-11
block,1,-2,67
block,-10,1,-7
block,-5,0,47
block,36,2,92
breakableBlock,-14,11,36
block,0,1,6
block,17,-3,89
block,19,-3,88
block,-5,-1,52
block,-10,1,-19
block,20,-3,92
block,57,2,83
block,62,-3,88
block,10,-4,85
block,-2,-1,63
breakableBlock,-3,9,31
block,-10,-1,63
block,14,-2,92
block,46,2,83
block,-12,-1,53
block,-3,-1,59
block,-4,1,31
block,46,3,88
block,-3,1,-24
block,1,1,-14
block,7,1,-21
breakableBlock,-5,6,30
breakableBlock,-11,3,31
block,-7,1,-18
block,-14,1,-4
breakableBlock,-14,7,31
breakableBlock,7,6,30
block,-4,1,-11
breakableBlock,-2,7,31
block,8,-3,88
breakableBlock,-6,4,36
block,4,-1,52
block,0,1,33
block,12,3,90
block,29,0,92
block,5,1,-17
block,4,1,20
block,-9,0,47
block,31,3,86
block,67,-3,85
block,-2,1,35
block,32,3,86
block,-1,1,43
block,-4,1,-12
block,-1,-3,87
breakableBlock,-13,4,31
block,5,-1,54
breakableBlock,-4,11,31
block,31,3,90
block,51,3,87
block,42,-1,92
block,-14,1,6
breakableBlock,-12,5,31
block,7,-3,84
block,33,-3,83
breakableBlock,-13,8,36
breakableBlock,5,5,30
block,50,3,84
block,-12,0,49
block,28,-2,92
block,9,0,50
breakableBlock,3,7,36
block,-4,-1,60
block,7,0,49
block,-2,1,-18
block,6,1,2
block,66,-3,82
block,56,3,85
block,48,-3,87
breakableBlock,-12,6,31
block,4,-2,69
block,30,3,88
block,3,-1,63
block,-10,1,-21
block,45,-3,89
block,-3,0,50
block,56,-3,92
block,-14,1,29
breakableBlock,-12,3,31
block,26,3,85
block,-8,1,15
block,54,-2,83
block,17,-2,92
block,-1,-2,72
block,-2,1,23
block,4,1,14
breakableBlock,-10,7,30
breakableBlock,7,11,31
block,18,-3,89
block,4,-3,73
block,-8,-3,78
block,-3,1,40
block,10,3,87
block,3,-3,88
block,-8,-2,65
block,1,1,-22
block,35,3,83
block,7,-1,59
block,2,1,-6
block,-8,-3,86
block,-4,0,49
block,-10,1,32
block,51,3,89
block,71,-3,90
breakableBlock,-6,9,30
block,16,3,86
breakableBlock,-7,9,31
block,-6,1,-23
block,19,-4,91
block,20,0,83
breakableBlock,9,6,36
block,35,3,91
block,-3,1,22
block,23,-4,84
block,3,-1,60
block,-5,1,38
block,51,-3,92
block,4,1,7
breakableBlock,-7,6,36
block,28,-3,86
block,-4,-3,88
block,66,-2,87
block,-12,1,26
breakableBlock,5,11,31
block,32,0,83
block,18,-3,88
block,-6,-3,77
block,66,-3,90
block,11,-3,86
block,-4,-3,84
block,50,3,86
block,43,-4,90
block,25,2,92
block,-4,1,-13
breakableBlock,9,2,31
breakableBlock,-1,8,36
block,-4,1,-21
block,-3,1,21
block,-3,-3,80
block,26,-3,92
block,27,1,92
block,-8,1,44
block,6,1,-24
block,5,1,4
block,6,-3,79
block,18,-3,92
block,44,-2,83
block,14,-2,83
block,25,1,83
block,-10,1,-20
block,1,-2,68
block,-7,1,35
block,-1,0,49
block,55,-4,91
block,42,2,92
block,-13,1,39
block,-12,1,43
block,26,-4,90
block,7,-2,71
breakableBlock,-11,8,36
block,31,-1,92
block,37,-3,86
block,-14,1,32
block,5,-3,74
block,1,1,10
breakableBlock,-6,7,31
block,-5,-3,73
breakableBlock,7,3,31
block,-8,-1,62
block,9,1,26
block,52,3,83
block,-6,-3,90
block,-11,1,-22
block,-6,1,27
breakableBlock,9,5,36
block,35,-4,85
breakableBlock,-9,11,31
block,-6,1,-8
block,8,-3,79
block,-5,1,-7
block,1,1,7
block,-7,1,-4
block,-11,-3,78
block,54,0,92
block,54,-1,92
block,-1,-3,85
breakableBlock,-7,8,36
block,-10,-2,72
breakableBlock,-12,9,30
block,42,3,91
block,36,3,90
block,19,0,92
block,-12,-2,68
block,16,3,87
block,36,1,83
block,14,3,86
block,17,3,88
breakableBlock,8,2,31
block,31,-4,91
block,15,1,83
block,3,1,-19
block,25,-3,88
breakableBlock,-7,7,31
block,7,1,24
block,8,-1,52
block,47,3,89
block,39,-3,87
block,0,-3,89
block,2,1,-19
block,-5,-2,65
breakableBlock,-9,5,30
block,34,-2,92
breakableBlock,-13,11,31
block,6,-3,86
block,-6,1,-20
breakableBlock,1,6,31
block,19,3,83
block,30,1,83
block,3,1,-21
block,5,-1,53
block,46,-3,83
block,16,-3,83
block,57,3,92
block,30,1,92
block,49,3,89
block,63,-3,91
block,-3,-3,91
block,-2,1,2
block,65,-3,86
block,9,-2,69
block,0,1,-11
block,-6,1,4
block,9,-1,58
block,-2,-1,56
block,7,1,33
breakableBlock,-3,9,30
breakableBlock,-6,4,31
breakableBlock,-4,11,36
breakableBlock,1,2,31
block,34,-1,83
block,8,1,5
block,-6,1,-5
breakableBlock,2,2,31
block,3,1,34
block,-8,1,-18
breakableBlock,-2,11,30
block,54,-3,88
block,7,-2,69
block,-9,-3,86
block,6,1,25
breakableBlock,-5,3,31
block,41,3,87
block,-6,-1,58
block,51,-3,88
block,0,1,-6
block,63,-3,90
breakableBlock,-8,4,36
breakableBlock,-7,5,36
block,6,-3,77
block,-3,-2,64
block,-14,1,-6
breakableBlock,9,4,31
breakableBlock,4,10,30
block,7,-2,67
tree,7,2,-15
block,37,-1,92
block,55,3,84
block,39,-3,92
block,-14,1,10
block,29,-3,83
breakableBlock,0,7,31
breakableBlock,-2,3,30
block,15,0,83
block,42,1,83
breakableBlock,0,10,30
block,9,-2,66
block,3,1,-5
block,20,3,85
block,-9,-1,53
block,1,1,35
breakableBlock,-4,4,31
block,56,3,83
block,10,-4,90
block,28,3,87
block,-10,-3,73
block,-2,-3,74
breakableBlock,9,9,31
block,-13,1,27
block,-3,1,28
breakableBlock,-5,11,31
block,-1,1,21
breakableBlock,2,5,36
block,24,-4,84
breakableBlock,-1,10,31
breakableBlock,1,4,31
block,4,1,11
block,31,3,91
breakableBlock,0,3,36
block,-12,1,30
block,6,1,-6
block,2,-1,53
breakableBlock,7,3,36
breakableBlock,2,6,30
block,-6,1,29
block,-12,-3,83
block,-10,-1,54
breakableBlock,4,10,36
block,2,1,11
block,0,1,-22
block,-10,1,31
block,-12,1,-20
block,-12,1,3
block,-13,-3,87
block,-7,-3,82
block,-3,1,6
block,2,1,29
block,-7,1,-6
block,-1,1,-25
block,45,0,92
block,-3,-3,74
block,-2,1,-19
block,11,3,89
breakableBlock,-9,4,31
block,1,1,-2
block,42,3,83
block,-12,1,21
block,-12,1,10
block,-1,1,-8
breakableBlock,-12,5,30
tree,6,2,-25
block,-3,1,-3
