BillboardTree,-71.99,20.18,49.05
BillboardTree,-62.29,20.18,77.51
BillboardTree,57.66,20.18,385.79
BillboardTree,62.88,20.18,328.76
BillboardTree,74.49,20.18,284.66
BillboardTree,76.97,20.18,228.36
BillboardTree,78.92,20.18,180.98
BillboardTree,79.6,20.18,139.81
BillboardTree,59.03,10.18,79.43
BillboardTree,58.24,20.18,32.79
BillboardTree,-60.88,20.18,391.86
BillboardTree,-43.05,20.18,327.03
BillboardTree,-28.81,20.18,279.74
BillboardTree,-35.44,20.18,231.82
BillboardTree,-30.47,20.18,180.8
BillboardTree,-41.2,20.18,148.47
BillboardTree,-55.94,20.18,108.94
BackgroundBlock,108.8,31.5,-141.17
StartPoint,-5.79,6,3.13
Block,9,-3,423
Block,63,-6,528
Block,-57,-6,510
Block,24,-6,495
Block,-30,-6,522
Block,24,-6,465
Block,-12,-3,78
Block,60,-6,441
Block,-24,0,-15
Block,-3,-3,114
Block,39,-3,243
Block,24,-3,84
Block,-9,0,3
Block,9,-3,60
Block,-36,0,-15
Block,27,-3,111
Block,36,-6,531
Block,60,-6,516
Block,57,-6,519
Block,21,-6,477
Block,27,-6,519
Block,48,-3,213
Block,-3,-6,486
Block,-15,-3,78
Block,36,-3,324
Block,66,-6,432
Block,45,-3,267
Block,-12,-3,315
Block,-6,-3,132
Block,3,-3,366
Block,3,-3,285
Block,18,-3,288
Block,6,-3,417
Block,-6,-3,351
Block,-75,-6,513
Block,-99,-6,444
Block,-24,-3,54
Block,57,-3,210
Block,48,-3,171
Block,15,-6,510
Block,42,-3,132
Block,12,-6,489
Block,-3,-6,444
Block,0,-3,381
Block,24,-6,426
Block,-99,-6,516
Block,15,-3,54
Block,33,-3,105
Block,6,-3,81
Block,-33,-6,510
Block,6,-3,399
Block,-87,-6,435
Block,-66,-6,453
Block,18,-3,177
Block,-42,-6,468
Block,12,-6,468
Block,-3,0,-15
Block,39,-6,507
Block,-36,-3,375
Block,0,-3,168
Block,6,-3,288
Block,-33,-3,354
Block,27,-3,162
Block,-15,-3,309
Block,-24,-3,351
Block,-30,-3,57
Block,-9,-6,531
Block,-21,-6,459
Block,-21,-6,474
Block,-12,-6,438
Block,-36,0,-3
Block,42,-3,162
Block,-60,-6,480
Block,-63,-6,474
Block,18,-3,27
Block,12,-3,222
Block,-21,-3,69
Block,21,-3,153
Block,-3,-3,423
Block,-24,-3,393
Block,33,-6,444
Block,-81,-6,501
Block,6,0,-3
Block,27,-3,252
Block,-42,-6,522
Block,3,-3,363
Block,-21,-3,354
Block,-51,-6,492
Block,42,-3,159
Block,-3,-3,357
Block,21,-6,483
Block,39,-3,138
Block,6,-3,372
Block,-15,-3,21
Block,6,-6,447
Block,0,0,-6
Block,-6,-3,396
Block,-36,-3,408
Block,-42,-6,453
Block,-6,-3,57
Block,-39,-6,522
Block,51,-6,453
Block,-30,-3,357
Block,63,-6,459
Block,45,-6,522
Block,-12,-3,87
Block,60,-6,474
Block,-18,-6,429
Block,-93,-6,426
Block,-54,-6,492
Block,63,-6,513
Block,-39,-3,423
Block,24,-3,129
Block,-57,-6,501
Block,0,-6,495
Block,39,-3,270
Block,9,-3,198
Block,48,-6,489
Block,-87,-6,459
Block,42,-3,222
Block,48,-3,264
Block,27,-6,489
Block,-18,-6,474
Block,-9,-3,315
Block,-51,-6,465
Block,-30,-3,15
Block,48,-3,198
Block,9,-6,519
Block,9,-3,219
Block,9,-3,270
Block,42,-3,300
Block,12,0,0
Block,-12,-6,456
Block,78,-6,426
Block,-27,0,-6
Block,-6,-3,378
Block,9,-6,465
Block,24,-3,123
Block,12,-3,57
Block,-39,-3,387
Block,15,-3,330
Block,-18,0,-18
Block,36,-3,300
Block,3,-3,84
Block,18,-3,396
Block,15,-3,276
Block,-84,-6,504
Block,-15,-3,105
Block,36,-6,456
Block,-27,-3,30
Block,27,-3,321
Block,0,-3,36
Block,6,-3,39
Block,-6,-6,519
Block,15,-3,303
Block,51,-6,456
Block,-42,-6,513
Block,66,-6,519
Block,-81,-6,450
Block,-48,-6,492
Block,21,-3,24
Block,12,-3,378
Block,36,-6,492
Block,-84,-6,456
Block,-6,-3,282
Block,39,-6,492
Block,-24,-3,423
Block,12,-3,96
Block,3,-6,480
Block,24,-3,108
Block,66,-6,510
Block,-12,-3,63
Block,0,-3,354
Block,6,-3,216
Block,-6,-3,33
Block,72,-6,528
Block,24,-3,159
Block,9,-3,126
Block,18,-3,402
Block,-6,0,0
Block,0,-6,441
Block,9,-6,441
Block,0,-3,285
Block,-33,-3,357
Block,48,-3,216
Block,0,-3,48
Block,-21,-3,402
Block,-3,-6,507
Block,-72,-6,429
Block,-12,0,-3
Block,12,-6,429
Block,3,-6,504
Block,-33,-3,51
Block,-21,-6,468
Block,6,-3,63
Block,9,-3,414
Block,6,-3,27
Block,-24,-3,357
Block,27,-3,117
Block,57,-3,225
Block,6,-6,429
Block,-33,-3,375
Block,12,-3,264
BackgroundBlock,51,-27,384
Block,9,-3,255
Block,33,-3,216
Block,6,-3,240
Block,45,-3,297
Block,-96,-6,504
Block,18,-6,456
Block,39,-3,231
Block,18,-3,108
Block,3,-6,426
Block,-78,-6,516
Block,12,-3,282
Block,21,0,9
Block,3,-3,294
Block,54,-6,459
Block,-33,-3,390
Block,-3,-6,480
Block,51,-3,219
Block,-3,-3,345
Block,33,-3,123
Block,-39,-3,366
Block,-81,-6,483
Block,6,-3,138
Block,3,-6,516
Block,-18,-6,522
Block,66,-6,438
Block,63,-6,453
Block,27,-6,498
Block,-18,-3,387
Block,-24,-3,33
Block,69,-6,435
Block,-45,-6,471
Block,-75,-6,495
Block,-9,-6,525
Block,-12,-9,483
Block,-27,-3,66
Block,15,-3,180
Block,39,-3,165
Block,-3,-3,102
Block,24,-3,99
Block,-18,-6,447
Block,27,-3,171
Block,21,-3,330
Block,24,-3,60
Block,-6,-3,129
Block,-96,-6,516
Block,24,-3,81
Block,-81,-6,504
Block,30,-6,522
Block,-36,-6,510
Block,69,-6,495
Block,-15,-3,102
Block,12,-3,117
Block,0,-6,513
Block,6,-3,270
Block,-3,-6,522
Block,30,-3,267
Block,-9,-3,24
Block,-18,-3,120
Block,33,-3,159
Block,51,-6,444
Block,39,-3,222
Block,9,-6,498
Block,30,-3,249
Block,3,-3,27
Block,-21,-3,345
Block,-33,-3,411
Block,24,-6,471
Block,9,-3,318
Block,27,-3,219
Block,24,-3,330
Block,30,-3,258
Block,39,-3,225
Block,51,-3,165
Block,-75,-6,528
Block,-51,-6,510
Block,-15,-3,357
Block,-39,-6,474
Block,-12,0,6
Block,39,-6,522
Block,21,-6,450
Block,0,-3,267
Block,-60,-6,441
Block,36,-3,144
Block,12,-3,36
Block,-99,-6,525
Block,6,-3,285
Block,3,-3,405
Block,-21,-6,513
Block,-3,-3,24
Block,-72,-6,501
Block,39,-3,279
Block,57,-3,246
Block,-57,-6,531
Block,-93,-6,471
Block,9,0,-12
Block,-12,-9,489
Block,-57,-6,456
Block,9,-3,273
Block,-3,-3,405
Block,-18,-3,405
Block,-45,-6,444
Block,-63,-6,486
Block,42,-3,153
Block,75,-6,492
Block,-27,-3,63
Block,-18,-9,495
Block,-21,-3,12
Block,-57,-6,462
Block,24,-6,432
Block,-3,-3,141
Block,0,-6,489
Block,78,-6,501
Block,30,-3,288
Block,48,-6,522
Block,18,-3,99
Block,75,-6,516
Block,-9,-3,138
Block,33,-6,525
Block,-30,-6,456
Block,75,-6,465
Block,18,-6,435
Block,-51,-6,447
Block,-3,-3,336
Block,24,-6,447
Block,0,-6,450
Block,36,-6,444
Block,-42,-6,426
Block,3,-3,237
Block,48,-3,132
Block,33,-6,453
Block,6,-3,345
Block,-12,0,-9
Block,36,-3,117
Block,-30,-3,84
Block,72,-6,486
Block,24,-3,306
Block,-48,-6,438
Block,-18,-6,450
Block,6,-3,198
Block,-21,-3,417
Block,-93,-6,492
Block,36,-3,282
Block,54,-6,495
Block,-30,-3,96
Block,-99,-6,447
Block,-93,-6,429
Block,-18,-3,99
Block,21,-3,141
Block,0,-3,81
Block,18,-3,354
Block,-96,-6,438
Block,12,-3,279
Block,-75,-6,465
Block,42,-3,192
Block,12,-3,135
Block,12,-3,225
Block,63,-6,477
Block,-30,-6,462
Block,51,-6,513
Block,6,0,-9
Block,-9,-6,507
Block,-12,-3,396
Block,69,-6,498
Block,-87,-6,519
Block,-15,-3,120
Block,18,-3,198
Block,18,-3,90
Block,-30,-3,87
Block,45,-3,237
Block,48,-3,237
Block,-6,-3,321
Block,15,-3,171
Block,-30,-3,411
Block,-6,-9,495
Block,57,-6,426
Block,0,0,3
Block,-15,-3,33
Block,24,-3,297
Block,-63,-6,507
Block,-6,-6,450
Block,48,-6,507
Block,-78,-6,522
Block,9,-3,282
Block,-90,-6,444
Block,12,-6,426
Block,21,-6,447
Block,21,-3,90
Block,-24,-9,492
Block,-36,-3,411
Block,36,-3,225
Block,-36,-6,498
Block,-12,-3,417
Block,12,-6,474
Block,-18,-3,363
Block,-9,-3,303
Block,-42,-6,447
Block,-3,-3,366
Block,-99,-6,486
Block,0,-6,519
Block,-63,-6,447
Block,21,-3,255
Block,15,-6,432
Block,-21,-3,393
Block,-42,-6,438
Block,27,-3,273
Block,15,-3,336
Block,-3,-3,375
Block,27,-6,486
Block,-12,-3,36
Block,-27,-3,42
Block,-18,-3,315
Block,42,-3,183
Block,24,-3,66
Block,39,-6,504
Block,-78,-6,489
Block,60,-3,198
Block,54,-6,498
Block,24,-3,111
Block,9,-3,360
Block,-42,-6,504
Block,0,-3,423
Block,51,-6,435
Block,-3,-3,306
Block,-27,-6,435
Block,9,-6,468
Block,-9,-9,480
Block,6,-3,51
Block,9,-3,39
Block,6,-3,315
Block,36,-6,501
Block,48,-6,486
Block,-51,-6,531
Block,-3,-6,528
Block,-84,-6,486
Block,54,-3,174
Block,48,-6,468
Block,-48,-6,447
Block,-18,-3,30
Block,-90,-6,486
Block,12,-3,216
Block,-27,-3,69
Block,-3,-6,519
Block,9,-3,102
Block,-6,-3,357
Block,-24,-3,342
Block,27,-6,504
Block,18,-6,453
Block,60,-3,189
Block,42,-3,234
Block,-21,-9,480
Block,-3,-3,36
Block,-99,-6,450
Block,-24,-6,471
Block,-12,-6,516
Block,-3,-3,90
Block,24,-6,480
Block,-18,0,-12
Block,-36,-3,399
Block,33,-6,516
Block,-78,-6,498
Block,-27,-6,522
Block,-45,-6,495
Block,3,-3,192
Block,24,-3,258
Block,-15,-3,63
Block,-15,-6,504
Block,-39,-3,360
Block,3,-3,102
Block,30,-6,477
Block,-66,-6,513
Block,27,-3,75
Block,33,-3,192
Block,12,-3,414
Block,-21,0,-3
Block,-42,-6,531
Block,33,-3,318
Block,-6,-9,486
Block,-33,-3,33
Block,-30,0,-6
Block,60,-3,216
Block,0,-6,465
Block,27,-3,303
Block,-21,-3,60
Block,33,-3,342
Block,-12,-3,12
Block,9,-3,345
Block,21,-3,168
Block,45,-6,462
Block,-72,-6,471
Block,21,-3,75
Block,0,-6,504
Block,60,-6,495
Block,-87,-6,474
Block,18,-6,483
Block,21,-3,225
Block,-3,0,-9
Block,6,-3,375
Block,78,-6,531
Block,-6,-3,105
Block,-30,-6,474
Block,-57,-6,429
Block,-66,-6,501
Block,-57,-6,444
Block,-27,-6,480
Block,-90,-6,516
Block,-84,-6,483
Block,21,-6,471
Block,-51,-6,507
Block,66,-6,486
Block,-24,0,-9
Block,-6,-6,525
Block,-6,-6,429
Block,36,-3,180
Block,-93,-6,504
Block,9,-3,225
Block,6,-3,282
Block,-18,-6,498
Block,18,-3,78
BackgroundBlock,-51,-24,342
Block,-6,-3,69
Block,60,-6,477
Block,-12,-3,333
Block,0,-3,351
Block,-21,-6,519
Block,45,-3,219
Block,-15,-6,498
Block,42,-6,522
Block,24,-3,180
Block,57,-6,447
Block,33,-6,504
Block,6,-6,441
Block,-96,-6,462
Block,-15,-3,84
Block,63,-6,450
Block,-54,-6,465
Block,0,-3,63
Block,-54,-6,495
Block,33,-3,171
Block,-21,-3,111
Block,30,-6,441
Block,15,0,-15
Block,66,-6,456
Block,36,-3,288
Block,15,-3,333
Block,21,-3,132
Block,24,-3,141
Block,33,-3,138
Block,21,-3,186
Block,-18,-3,408
Block,-96,-6,450
Block,0,-3,291
Block,18,-3,87
Block,-3,-3,294
Block,-9,-6,456
Block,-9,-6,513
Block,-3,-6,447
Block,-3,-3,48
Block,-24,-3,93
Block,-36,-6,516
Block,-15,-6,429
Block,57,-3,192
Block,3,-3,132
Block,-36,-3,414
Block,-18,0,0
Block,-12,-3,306
Block,0,-3,72
Block,-30,-6,450
Block,-24,-6,474
Block,-39,-6,492
Block,27,-6,450
Block,-54,-6,525
Block,27,-6,477
Block,-6,-3,345
Block,-18,-3,333
Block,3,-6,498
Block,-48,-6,459
Block,30,-3,294
Block,3,-3,231
Block,48,-6,495
Block,30,-3,177
Block,21,-6,516
Block,33,-6,459
Block,18,-3,240
Block,-6,-3,318
Block,18,-6,489
Block,0,-3,30
Block,45,-3,303
Block,36,-6,516
Block,-6,-3,117
Block,-60,-6,435
Block,6,-3,135
Block,72,-6,450
Block,-87,-6,492
Block,75,-6,456
Block,60,-6,489
Block,-3,-3,342
Block,-36,0,-6
Block,54,-6,531
Block,24,-3,285
Block,9,-3,54
Block,18,-3,423
Block,60,-3,249
Block,-27,-6,429
Block,33,-3,336
Block,-9,-3,354
Block,3,-6,489
Block,42,-3,147
Block,-75,-6,441
Block,36,-3,123
Block,-15,-3,402
Block,-3,-6,504
Block,-15,-6,501
Block,-27,-3,366
Block,-21,-9,492
Block,9,-6,435
Block,-6,-3,384
Block,54,-3,219
Block,33,-6,495
Block,51,-3,273
Block,-69,-6,450
Block,-21,-9,489
Block,36,-3,258
Block,-21,-3,423
Block,27,-3,96
Block,-27,-6,501
Block,36,-3,207
Block,66,-6,507
Block,-96,-6,426
Block,-66,-6,447
Block,0,-6,471
Block,-18,-6,453
Block,21,-6,495
Block,-6,-3,360
Block,27,-6,468
Block,42,-6,531
Block,30,-3,273
Block,-69,-6,459
Block,-9,-3,336
Block,15,-3,312
Block,15,-3,33
Block,-9,-3,108
Block,3,-3,255
Block,18,-3,360
Block,72,-6,456
Block,-6,-3,48
Block,-57,-6,453
Block,21,-3,336
Block,30,-3,168
Block,33,-3,282
Block,12,-3,162
Block,75,-6,477
Block,36,-3,276
Block,-99,-6,489
Block,-15,-3,339
Block,-15,-3,420
Block,0,-3,69
Block,51,-3,216
Block,-39,-6,447
Block,9,-3,183
Block,18,-6,525
Block,-3,-3,12
Block,-9,-3,129
Block,-21,-3,357
Block,30,-3,162
Block,-30,-3,390
Block,21,-3,69
Block,-6,-3,54
Block,-39,-6,462
Block,42,-6,459
Block,0,-3,114
Block,-39,-3,408
Block,-3,-3,384
Block,-30,-3,363
Block,78,-6,462
Block,-12,-6,531
Block,18,-3,345
Block,9,-6,483
Block,0,-3,288
Block,-30,-3,24
Block,-60,-6,477
Block,-30,-3,63
Block,6,-6,462
Block,-33,-3,360
Block,-72,-6,513
Block,-24,-3,81
Block,-3,-3,30
Block,-9,-3,285
Block,-6,-3,72
Block,18,-3,408
Block,-24,-9,483
Block,0,-3,297
Block,21,-3,231
Block,-18,0,-15
Block,57,-3,189
Block,18,-3,93
Block,48,-3,207
Block,-9,-3,39
Block,30,-3,252
Block,-30,-3,90
Block,-21,-3,120
Block,39,-3,300
Block,36,-6,483
Block,27,-3,78
Block,75,-6,486
Block,-27,-6,513
Block,51,-3,228
Block,-18,-3,42
Block,-30,-3,402
Block,-75,-6,435
Block,24,-6,468
Block,-9,-3,66
Block,45,-3,162
Block,-30,-3,30
Block,33,-3,198
Block,66,-6,525
Block,-21,-6,525
Block,3,-3,321
Block,0,-3,102
Block,24,-3,153
Block,12,-3,339
Block,33,-6,471
Block,-36,-6,477
Block,-57,-6,432
Block,48,-3,183
Block,60,-3,231
Block,39,-6,483
Block,27,-3,174
Block,18,-3,321
Block,30,-3,276
Block,-63,-6,435
Block,27,-3,192
Block,30,-3,231
Block,18,-3,270
Block,-24,-6,429
Block,45,-6,456
Block,36,-3,264
Block,-3,-6,453
Block,-84,-6,528
Block,-93,-6,507
Block,60,-6,522
Block,15,-6,435
Block,0,-3,15
Block,36,-3,132
Block,-33,-3,366
Block,-30,-3,399
Block,39,-3,246
Block,-72,-6,459
Block,9,-3,372
Block,39,-6,432
Block,-9,-6,441
Block,24,-3,96
Block,42,-6,453
Block,15,-3,18
Block,27,-6,501
Block,-24,-3,384
Block,51,-3,171
Block,-3,-6,426
Block,57,-6,486
Block,3,-3,141
Block,-3,-3,354
Block,9,-3,69
Block,0,-3,300
Block,-39,-3,405
Block,-30,-3,387
Block,57,-6,456
Block,-39,-6,444
Block,21,-3,57
Block,36,-3,141
Block,-66,-6,528
Block,18,-3,54
Block,-9,-3,291
Block,-9,-3,342
Block,-15,-3,51
Block,45,-3,294
Block,-36,-6,522
Block,24,-3,117
Block,3,-3,354
Block,-90,-6,450
Block,-39,-3,381
Block,39,-3,192
Block,15,-3,420
Block,27,-3,312
Block,21,-3,306
Block,45,-6,447
Block,30,-3,240
Block,-57,-6,489
Block,12,-3,132
Block,-3,-3,396
Block,36,-6,426
Block,18,-3,33
Block,24,-3,48
Block,24,-3,57
Block,45,-3,153
Block,-24,-3,27
Block,-24,-6,450
Block,-54,-6,444
Block,3,-3,333
Block,45,-3,174
Block,-18,-9,489
Block,12,-3,15
Block,12,-6,453
Block,12,-3,342
Block,-3,0,-18
Block,24,-6,492
Block,48,-6,429
Block,-81,-6,441
Block,-12,-3,330
Block,-12,-6,513
Block,21,-6,519
Block,-21,-6,432
Block,24,-6,438
Block,15,-6,522
Block,18,-3,48
Block,18,-6,501
Block,66,-6,435
Block,3,-3,180
Block,0,-6,492
Block,27,-3,84
Block,-87,-6,531
Block,9,-6,438
Block,48,-6,528
Block,51,-3,222
Block,-36,0,-12
Block,-15,-3,123
Block,-72,-6,492
Block,-93,-6,435
Block,3,0,6
BackgroundBlock,-33,-27,168
Block,42,-3,168
Block,36,-3,201
Block,-6,-3,393
Block,-69,-6,507
Block,3,-6,522
Block,-69,-6,465
Block,21,-3,138
Block,9,-3,336
Block,30,-3,342
Block,-3,-3,18
Block,-87,-6,516
Block,3,-3,258
Block,-3,-3,63
Block,75,-6,531
Block,9,0,9
Block,-18,-3,345
Block,60,-3,252
Block,66,-6,492
Block,30,-3,186
Block,21,-3,120
Block,15,-3,144
Block,39,-3,147
Block,27,-3,276
Block,9,-3,324
Block,15,-3,207
Block,36,-3,153
Block,-18,-3,423
Block,30,-3,336
Block,9,-3,420
Block,-72,-6,450
Block,60,-6,486
Block,-3,-6,501
Block,6,-6,501
Block,6,-3,30
Block,6,-3,261
Block,-3,-6,513
Block,51,-3,243
Block,30,-3,210
Block,-18,-3,21
Block,-3,-3,408
Block,12,-3,327
Block,21,-3,333
Block,36,-6,474
Block,27,-3,114
Block,30,-3,339
Block,69,-6,426
Block,-39,-3,417
Block,0,-3,333
Block,-30,0,0
Block,45,-6,519
Block,3,-3,222
Block,15,-3,267
Block,-15,-6,432
Block,-39,-3,378
Block,15,-3,189
Block,-12,0,3
Block,-12,-9,486
Block,9,-3,162
Block,-3,-3,420
Block,-69,-6,510
Block,-33,-3,378
Block,-9,-3,159
Block,42,-3,171
Block,-21,-3,24
Block,51,-6,465
Block,30,-3,348
Block,60,-6,426
Block,51,-6,447
Block,18,-3,252
Block,3,-3,276
Block,54,-3,189
Block,6,-3,321
Block,51,-6,492
Block,18,-3,297
Block,-12,-6,435
Block,0,-3,396
Block,36,-3,159
Block,60,-6,492
Block,48,-6,483
Block,0,-3,51
Block,0,-3,372
Block,-12,-3,24
Block,-54,-6,531
Block,-39,-3,420
Block,27,-3,210
Block,-12,-3,369
Block,9,-3,141
Block,27,-6,459
Block,36,-3,231
Block,-15,-3,366
Block,-3,-3,171
Block,0,0,-3
Block,-15,-6,444
Block,-15,0,-6
Block,-24,-6,438
Block,18,-3,267
Block,-6,-3,414
Block,-33,-6,450
Block,0,-3,42
Block,54,-6,447
Block,0,-3,330
Block,15,-3,246
Block,42,-3,177
Block,9,-3,222
Block,54,-6,429
Block,-66,-6,429
Block,57,-3,255
Block,54,-3,216
Block,69,-6,528
Block,-60,-6,462
Block,9,0,-6
Block,27,-3,135
Block,-3,-3,372
Block,-39,-3,363
Block,9,-3,243
Block,3,-3,123
Block,-18,-3,393
Block,48,-6,465
Block,-6,-3,63
Block,-24,-6,519
Block,-66,-6,486
Block,12,0,-9
Block,66,-6,465
Block,30,-6,471
Block,6,-6,507
Block,-42,-6,441
Block,6,-3,87
Block,60,-6,429
Block,15,-6,471
Block,3,-3,45
Block,6,-3,267
Block,27,-3,123
Block,36,-6,465
Block,-63,-6,510
Block,-3,-3,282
Block,24,-3,264
Block,-15,-3,69
Block,-12,-3,123
Block,27,-3,228
Block,15,-3,105
Block,-30,-3,393
Block,3,-3,156
Block,3,-6,510
Block,-30,-6,510
Block,-15,-6,426
Block,33,-3,213
Block,-69,-6,525
Block,9,0,0
Block,-9,-3,93
Block,-24,-6,435
Block,24,-6,444
Block,54,-3,222
Block,24,-3,213
Block,54,-3,267
Block,24,-3,216
Block,39,-3,318
Block,18,-3,24
Block,-9,-3,375
Block,-24,-3,411
Block,3,-3,297
Block,57,-3,186
Block,-3,-3,21
Block,-9,-3,18
Block,27,-3,345
Block,6,-3,33
Block,-45,-6,525
Block,30,-6,447
Block,-57,-6,435
Block,-6,-6,447
Block,24,-3,303
Block,-30,-3,66
Block,21,-3,177
Block,-39,-6,426
Block,57,-6,462
Block,-3,-3,126
Block,15,-3,315
Block,-93,-6,456
Block,-24,-3,360
Block,0,-3,123
Block,-9,-3,81
Block,54,-6,444
Block,-3,-3,108
Block,-18,-3,375
Block,9,-3,66
Block,-42,-6,495
Block,-96,-6,468
Block,-30,-3,81
Block,21,-3,84
Block,-27,-3,360
Block,18,-6,498
Block,-9,-3,324
Block,39,-6,498
Block,45,-3,228
Block,-57,-6,507
Block,-15,0,9
Block,33,-3,225
Block,24,-3,69
Block,-30,-3,51
Block,51,-3,270
Block,6,-3,42
Block,30,-3,117
Block,-27,-3,393
Block,6,-3,159
Block,-78,-6,471
Block,15,-3,84
Block,60,-6,456
Block,-81,-6,507
Block,21,-6,465
Block,-42,-6,432
Block,-87,-6,453
Block,63,-6,495
Block,-30,-6,489
Block,-3,-3,315
Block,-45,-6,462
Block,-9,-3,387
Block,21,-6,432
Block,-15,-6,474
Block,6,-3,204
Block,27,-6,453
Block,3,-6,531
Block,-3,-3,75
Block,24,-3,150
Block,-69,-6,492
Block,-60,-6,429
Block,42,-6,477
Block,45,-6,513
Block,21,-3,78
Block,-33,-3,381
Block,12,-3,294
Block,-6,-3,135
Block,72,-6,489
Block,-30,-6,441
Block,42,-3,156
Block,0,-3,276
Block,9,-3,78
Block,3,-3,186
Block,-57,-6,480
Block,-87,-6,525
Block,-9,-3,57
Block,-24,-6,477
Block,-21,-9,486
Block,12,-3,198
Block,-15,-3,129
Block,-9,-3,372
Block,69,-6,477
Block,72,-6,435
Block,15,-3,243
Block,27,-3,186
Block,-27,-6,432
Block,0,-3,150
Block,0,0,-18
Block,27,-3,153
Block,57,-3,231
Block,15,-3,102
Block,21,-3,300
Block,33,-6,501
Block,-9,-6,450
Block,33,-3,252
Block,42,-3,303
Block,-18,-3,129
Block,12,-3,195
Block,-6,-3,45
Block,-57,-6,525
Block,12,-6,513
Block,-18,-6,510
Block,75,-6,525
Block,-39,-3,354
Block,6,-6,528
Block,33,-3,228
Block,-33,-3,48
Block,66,-6,444
Block,-66,-6,525
Block,-57,-6,471
Block,-33,-3,384
Block,-15,-9,492
Block,-90,-6,432
Block,39,-6,513
Block,-33,0,0
Block,30,-3,306
Block,0,-3,24
Block,-30,-3,378
Block,-21,-3,129
Block,-15,-6,453
Block,0,-3,411
Block,30,-3,207
BackgroundBlock,-63,-27,120
BackgroundBlock,81,-27,309
Block,48,-6,426
Block,-96,-6,444
Block,-15,-3,384
Block,27,-3,201
Block,-9,-3,12
Block,-9,-3,396
Block,27,-6,465
Block,21,-6,468
Block,36,-3,273
Block,15,-3,345
Block,-6,-3,333
Block,75,-6,504
Block,15,-6,477
Block,48,-3,261
Block,24,-3,120
Block,-87,-6,501
Block,-30,-6,498
Block,69,-6,468
Block,-45,-6,426
Block,-6,-3,294
Block,-30,-3,27
Block,48,-6,510
Block,-27,-6,474
Block,-18,-3,102
Block,54,-3,234
Block,-3,-6,498
Block,-3,-3,333
Block,-3,-3,144
Block,30,-6,528
Block,0,-3,177
Block,-30,-6,492
Block,18,-3,120
Block,-3,-3,261
Block,39,-3,195
Block,18,-3,144
Block,3,-3,75
Block,-42,-6,486
Block,3,-3,216
Block,15,-3,270
Block,18,-3,300
Block,45,-3,234
Block,48,-6,456
Block,0,-3,111
Block,3,-3,171
Block,-18,-3,117
Block,-30,0,-15
Block,-48,-6,522
BackgroundBlock,-66,-24,393
Block,18,-6,462
Block,-57,-6,528
Block,-6,-3,123
Block,12,-3,399
Block,0,-6,468
Block,-9,-3,399
Block,36,-3,138
Block,36,-3,105
Block,-30,-6,426
Block,-96,-6,465
Block,15,-3,261
Block,6,-3,117
Block,36,-3,249
Block,-3,-3,414
Block,36,-3,213
Block,6,-3,54
Block,-15,-3,375
GoalFlag,-15.06,0.5,488.66
Block,-21,-3,18
Block,-51,-6,441
Block,6,-3,402
Block,-42,-6,450
Block,12,-3,420
Block,6,-3,21
Block,30,-3,318
Block,9,-3,63
Block,-99,-6,462
Block,21,-6,435
Block,30,-3,144
Block,48,-3,294
Block,-63,-6,468
Block,-93,-6,486
Block,27,-3,87
Block,3,0,-18
Block,-54,-6,453
Block,-3,0,9
Block,-93,-6,459
Block,-30,-6,480
Block,18,-3,234
Block,-30,-6,528
Block,36,-6,519
Block,3,-3,390
Block,-18,-6,432
Block,48,-6,462
Block,42,-3,174
Block,12,-3,168
Block,-21,-6,462
Block,-18,-9,480
Block,-15,-3,414
Block,-12,-3,84
Block,30,-3,114
Block,-6,-3,285
Block,0,-6,453
Block,15,-3,129
Block,18,-3,15
Block,-3,-3,330
Block,-63,-6,519
Block,24,-3,78
Block,48,-6,480
Block,-36,-6,459
Block,42,-6,519
Block,3,-3,36
Block,-24,-3,420
BackgroundBlock,69,-27,126
Block,-42,-6,462
Block,24,-3,135
Block,-24,-3,387
Block,-45,-6,438
Block,-15,-6,468
Block,12,-3,207
Block,18,-6,429
Block,-6,-6,438
Block,-15,-3,321
Block,36,-3,216
Block,9,-6,495
Block,0,-3,54
Block,48,-6,438
Block,-57,-6,426
Block,-3,-3,165
Block,51,-6,525
Block,51,-3,183
Block,-60,-6,465
Block,-39,-6,498
Block,-21,0,9
Block,-27,-3,24
Block,-93,-6,432
Block,-12,-3,57
Block,18,-3,12
Block,-99,-6,522
Block,-39,-6,486
Block,3,-6,483
Block,33,-3,273
Block,21,-3,111
Block,-30,-6,429
Block,48,-6,492
Block,-33,-3,45
Block,-90,-6,498
Block,36,-3,306
Block,-9,-6,429
Block,-27,-3,411
Block,45,-6,501
Block,45,-3,207
Block,12,-3,261
Block,-45,-6,510
Block,-84,-6,492
Block,-18,-3,330
Block,-24,-3,99
Block,-18,-6,501
Block,-66,-6,471
Block,-24,-3,60
Block,18,-3,81
Block,-54,-6,480
Block,-33,-3,402
Block,66,-6,498
Block,69,-6,525
Block,39,-6,453
Block,33,-3,231
Block,33,-3,288
Block,18,-3,186
Block,-36,-3,360
Block,27,-3,330
Block,36,-3,303
Block,48,-3,276
Block,54,-6,477
Block,-18,-3,357
Block,54,-3,240
Block,-36,-6,447
Block,-36,-3,33
Block,-24,-3,348
Block,-33,-6,498
Block,-69,-6,432
Block,-33,-3,414
Block,-60,-6,489
Block,-3,-3,150
Block,21,-3,273
Block,18,-3,261
Block,-15,-3,66
Block,30,-6,504
Block,24,-6,456
Block,33,-3,258
Block,-51,-6,450
Block,-12,-6,426
Block,54,-6,468
Block,-72,-6,438
Block,24,-6,525
Block,-3,-6,435
Block,18,-3,51
Block,30,-3,102
Block,-21,-3,375
Block,3,-3,204
Block,-51,-6,456
Block,42,-3,243
Block,6,-3,333
Block,-3,-3,270
Block,-72,-6,456
Block,78,-6,522
Block,3,-3,219
Block,-15,-6,522
Block,-21,-3,387
Block,6,-3,390
Block,36,-3,204
Block,36,-6,522
Block,21,-3,261
Block,-9,-3,288
Block,66,-6,495
Block,-33,-3,420
BackgroundBlock,57,-27,72
Block,6,-3,48
Block,-30,-3,75
Block,12,-3,141
Block,-3,-3,264
Block,9,-3,120
Block,-12,-3,39
Block,-48,-6,498
Block,-42,-6,498
Block,-9,-3,21
Block,45,-6,432
Block,3,0,3
Block,9,-6,471
Block,21,-6,462
Block,18,-3,111
Block,-15,-3,87
Block,18,-3,60
Block,15,-6,531
Block,51,-6,474
Block,-63,-6,456
Block,12,-3,129
Block,51,-3,162
Block,-9,-3,153
Block,-9,-3,150
Block,-93,-6,447
Block,36,-3,294
Block,78,-6,486
Block,-18,-3,18
Block,-24,-3,396
Block,3,-3,336
Block,21,-3,183
Block,-15,-6,471
Block,30,-6,510
Block,15,-6,498
Block,33,-3,180
Block,18,-3,243
Block,9,-3,390
Block,-90,-6,456
Block,-9,0,-9
Block,-15,-9,495
Block,-84,-6,468
Block,-24,-3,30
Block,-87,-6,504
Block,-6,-3,126
Block,-84,-6,465
Block,33,-3,285
Block,-18,-3,105
Block,42,-3,165
Block,-33,-3,369
Block,54,-3,195
Block,-24,0,6
Block,12,-3,396
Block,-24,-6,453
Block,0,-6,444
Block,0,-6,435
Block,-36,-6,507
Block,12,-6,501
Block,-99,-6,498
Block,-9,-3,306
Block,-9,-3,117
Block,33,-6,441
Block,-54,-6,507
Block,57,-6,474
Block,39,-3,228
Block,57,-6,471
Block,42,-6,498
Block,15,-3,258
Block,-27,-3,423
Block,39,-3,234
Block,-9,-3,63
Block,-30,0,-18
Block,-18,-3,390
Block,69,-6,429
Block,-66,-6,519
Block,63,-6,438
Block,36,-3,255
Block,3,-3,105
Block,30,-3,132
Block,15,0,-12
Block,-21,-3,33
Block,15,-3,423
Block,-12,-3,345
Block,42,-6,456
Block,15,0,-6
Block,-72,-6,474
Block,21,-3,102
Block,-18,-3,399
Block,27,-3,231
Block,72,-6,453
Block,-6,-3,405
Block,69,-6,459
Block,15,-3,306
Block,-12,-3,75
Block,-75,-6,501
Block,45,-6,468
Block,78,-6,480
Block,21,-3,81
Block,-15,-6,528
Block,12,0,3
Block,-48,-6,483
Block,9,-3,189
Block,-18,-3,60
Block,-27,-3,399
Block,12,-3,372
Block,3,-3,372
Block,15,-6,447
Block,33,-6,474
Block,-30,-3,375
Block,36,-3,174
Block,-78,-6,477
Block,33,-3,270
Block,3,-3,168
Block,-75,-6,486
Block,-6,-6,510
Block,9,-3,84
Block,15,-3,411
Block,-27,-3,381
Block,-45,-6,453
Block,78,-6,468
Block,6,-3,183
Block,42,-6,525
Block,12,-3,231
Block,-72,-6,522
Block,-21,-3,42
Block,-24,-3,57
Block,-9,-3,135
Block,-3,-6,489
Block,12,-6,462
Block,54,-6,483
Block,12,-3,87
Block,-15,-3,27
Block,-57,-6,504
Block,-36,-3,366
Block,3,-3,99
Block,54,-6,528
Block,39,-6,489
Block,-6,-3,150
Block,69,-6,504
Block,-39,-6,495
Block,-87,-6,483
Block,-3,-3,54
Block,-66,-6,432
Block,45,-3,276
Block,-6,-3,399
Block,-84,-6,432
Block,45,-3,177
Block,-12,-3,411
Block,54,-3,255
Block,0,-3,78
Block,18,-3,171
Block,-93,-6,519
Block,-27,-3,21
Block,9,-3,408
Block,-66,-6,492
Block,-33,0,-18
Block,6,-3,213
Block,30,-3,333
Block,9,-6,528
Block,-30,-3,48
Block,3,-6,444
Block,18,-3,165
BackgroundBlock,87,-27,246
Block,-6,-3,153
Block,-24,-6,507
Block,21,-3,237
Block,-45,-6,435
Block,9,-3,330
Block,6,-3,45
Block,-15,-3,378
Block,12,-3,147
Block,-18,-3,57
Block,45,-3,252
Block,45,-3,156
Block,-15,-6,513
Block,-3,-3,297
Block,-3,-3,312
Block,69,-6,456
Block,45,-3,144
Block,9,-3,387
Block,-12,-6,528
Block,27,-3,333
Block,-3,-3,33
Block,51,-3,195
Block,21,-3,201
Block,15,-3,75
Block,9,-3,48
Block,21,-6,426
Block,54,-3,162
Block,-39,-6,438
Block,-60,-6,483
Block,-81,-6,474
Block,15,-3,222
Block,54,-6,456
Block,30,-3,297
Block,-60,-6,528
Block,-54,-6,504
Block,-15,-6,438
Block,-33,-6,483
Block,69,-6,501
Block,-3,-6,432
Block,9,-3,369
Block,45,-3,183
Block,24,-3,54
Block,-15,-3,372
Block,3,-3,144
Block,12,-3,48
Block,-21,-3,45
Block,-24,-9,486
Block,-27,0,6
Block,-12,-3,105
Block,-6,-3,102
Block,-18,-3,84
Block,-3,-3,120
Block,60,-6,501
Block,36,-3,261
Block,54,-3,273
Block,-24,-6,531
Block,36,-3,267
Block,-78,-6,480
Block,24,-3,174
Block,-18,-6,504
Block,-96,-6,492
Block,24,-6,498
Block,75,-6,459
Block,-33,0,-6
Block,-9,-6,435
Block,3,-3,87
Block,45,-3,222
Block,54,-6,432
Block,6,-6,483
Block,12,-3,108
Block,30,-6,507
Block,-9,-3,141
Block,-30,-3,360
Block,9,-3,195
Block,-21,-6,522
Block,-78,-6,456
Block,-75,-6,438
Block,-9,-6,468
Block,48,-3,288
Block,27,-3,285
Block,33,-3,315
Block,27,-3,141
Block,42,-6,507
Block,78,-6,444
Block,24,-3,300
Block,-3,-3,51
Block,9,-6,507
Block,12,-6,477
Block,-33,-3,24
Block,-30,-3,36
Block,-27,-6,483
Block,-81,-6,426
Block,-63,-6,465
Block,42,-6,489
Block,42,-6,474
Block,-12,-3,384
Block,30,-3,261
Block,57,-6,504
Block,18,-3,156
Block,-57,-6,516
Block,48,-6,435
Block,-72,-6,486
Block,6,-3,423
Block,18,-3,369
Block,60,-6,444
Block,-15,-3,36
Block,18,-3,285
BackgroundBlock,-30,-24,279
Block,6,-3,408
Block,-57,-6,495
Block,-39,-3,384
Block,6,-3,309
Block,0,-3,363
Block,6,-3,111
Block,9,-3,123
Block,-12,-3,357
Block,-9,-3,15
Block,12,-6,510
Block,-12,-3,390
Block,-33,0,3
Block,18,-6,468
Block,-3,-3,363
Block,-12,-3,420
Block,15,-3,414
Block,-48,-6,426
Block,3,-3,189
Block,6,-3,225
Block,-12,-3,414
Block,36,-6,498
Block,66,-6,501
Block,39,-3,213
Block,30,-3,255
Block,-39,-6,456
Block,-15,-3,24
Block,-87,-6,498
Block,12,-6,438
Block,-30,-6,519
Block,15,-3,396
Block,12,-6,486
Block,12,-3,111
Block,42,-3,198
Block,-81,-6,468
BackgroundBlock,-42,-27,132
Block,30,-6,435
Block,-72,-6,519
Block,21,-6,492
Block,21,-6,528
Block,-90,-6,453
Block,-24,-3,390
Block,54,-3,276
Block,-39,-3,375
Block,15,-3,288
Block,-48,-6,507
Block,24,-3,315
Block,-36,-3,423
Block,24,-3,225
Block,63,-6,516
Block,-18,-6,426
Block,54,-3,177
Block,-9,0,-18
Block,-24,-6,501
Block,6,-3,75
Block,-81,-6,447
Block,-9,-3,282
Block,75,-6,513
Block,-9,-3,60
Block,0,-6,474
Block,60,-6,462
Block,-81,-6,471
Block,-12,-3,15
Block,-30,-3,45
Block,24,-3,324
Block,-9,-3,84
Block,-33,-3,372
Block,21,-3,174
Block,-27,-6,495
Block,33,-6,462
Block,-24,-3,45
Block,9,-3,246
Block,-6,-3,312
Block,-21,-6,456
Block,-27,-3,45
Block,-96,-6,483
Block,-60,-6,444
Block,30,-6,468
Block,45,-6,504
Block,-33,-3,399
Block,27,-3,168
Block,54,-3,171
Block,78,-6,483
Block,-9,-3,369
Block,-6,-6,468
Block,36,-3,129
Block,57,-6,468
Block,39,-6,426
Block,-3,0,6
Block,-30,-6,435
Block,-33,-3,30
Block,-3,-3,321
Block,-9,-3,144
Block,27,-6,456
Block,60,-3,228
Block,42,-3,252
Block,72,-6,516
Block,6,-3,57
Block,48,-3,285
Block,-33,-6,525
Block,36,-3,240
Block,-60,-6,471
Block,-78,-6,462
Block,15,-3,390
Block,-18,-3,336
Block,0,-3,87
Block,0,-3,141
Block,-15,-3,351
Block,3,-6,501
Block,9,-3,132
Block,48,-6,432
Block,-72,-6,468
Block,-69,-6,516
Block,6,-6,474
Block,-21,-6,501
Block,-93,-6,483
Block,45,-6,465
Block,12,-3,21
Block,15,-3,363
Block,36,-6,480
Block,45,-6,438
Block,-9,-3,414
Block,6,-3,342
Block,-36,-6,504
Block,-9,-6,453
Block,-9,-6,438
Block,-18,-9,492
Block,-48,-6,480
Block,-36,-6,453
Block,-18,-6,456
Block,-78,-6,468
Block,-51,-6,525
Block,-3,-6,471
Block,-45,-6,513
Block,42,-3,219
Block,21,-3,324
Block,-48,-6,456
Block,-15,-6,465
Block,-60,-6,495
Block,33,-6,432
Block,30,-3,192
Block,12,-3,69
Block,-36,-3,15
Block,69,-6,432
Block,18,-3,174
Block,15,-6,462
Block,33,-3,165
Block,27,-3,216
Block,-18,-6,444
Block,48,-3,246
Block,63,-6,531
Block,-21,-3,84
Block,30,-3,171
Block,-36,-6,441
Block,9,-3,81
Block,36,-3,198
Block,-54,-6,483
Block,36,-3,192
Block,-99,-6,474
Block,-21,-3,15
Block,51,-6,522
Block,-39,-6,450
Block,33,-3,141
Block,3,-3,150
Block,-51,-6,426
Block,0,-3,60
Block,39,-3,150
Block,27,-3,294
Block,-6,-3,303
Block,51,-3,192
Block,-6,-6,522
Block,-6,0,-18
Block,-63,-6,504
Block,-18,-6,441
Block,-30,0,9
Block,9,-3,405
Block,-18,-3,318
Block,24,-3,234
Block,6,-3,231
Block,-51,-6,435
Block,-30,0,3
Block,-36,-3,30
Block,-9,-6,447
Block,60,-3,237
Block,3,-3,318
Block,48,-3,210
Block,45,-3,288
Block,36,-3,189
Block,0,-3,369
Block,-45,-6,528
Block,-99,-6,495
Block,-9,-6,498
Block,-3,-3,180
Block,27,-3,246
Block,-21,-3,390
Block,18,-3,309
Block,12,-3,354
Block,18,-3,66
Block,45,-3,261
Block,39,-3,198
Block,24,-6,477
Block,0,-3,159
Block,-45,-6,465
Block,18,-3,228
Block,21,-3,42
Block,48,-3,282
Block,0,-3,348
Block,-36,-6,438
Block,-30,-3,60
Block,3,-3,339
Block,27,-6,483
Block,60,-6,447
Block,-78,-6,435
Block,60,-6,531
Block,9,-3,87
Block,-30,-3,69
Block,-21,-3,75
Block,-12,-6,468
Block,6,0,-18
Block,0,-3,105
Block,-9,-3,90
Block,-9,-3,99
Block,-36,-6,501
Block,24,-3,51
Block,-15,-3,354
Block,-9,-9,489
Block,15,-6,444
Block,12,-3,273
Block,-12,-3,90
Block,-27,-6,510
Block,-15,-3,111
Block,-18,-3,309
Block,57,-3,240
Block,6,-3,90
Block,0,-3,417
Block,-18,-3,366
Block,33,-6,519
Block,42,-3,267
Block,-18,-3,411
Block,-18,-3,420
Block,-48,-6,528
Block,-12,-3,120
Block,6,-6,525
Block,54,-3,168
Block,48,-3,240
Block,-15,-3,417
Block,-60,-6,519
Block,-30,-3,93
Block,30,-3,225
Block,72,-6,507
Block,42,-6,438
Block,39,-3,144
Block,21,-3,207
Block,15,-3,393
Block,63,-6,486
Block,0,-3,147
Block,6,-6,471
Block,-87,-6,456
Block,-12,-3,381
Block,-12,-3,117
Block,12,-3,315
Block,0,-3,279
Block,-96,-6,513
Block,-12,-3,405
Block,12,-3,138
Block,-78,-6,474
Block,27,-3,348
Block,27,-6,516
Block,-36,-6,471
Block,57,-3,228
Block,-36,-3,390
Block,48,-6,513
Block,-18,-3,69
Block,72,-6,465
Block,39,-6,477
Block,15,-3,255
Block,30,-6,438
Block,-54,-6,462
Block,36,-3,210
Block,-24,-6,465
Block,-96,-6,477
Block,-36,-3,18
Block,-36,-3,387
Block,0,-3,66
Block,9,-3,156
Block,-15,-6,456
Block,-15,-6,441
Block,-36,0,6
Block,33,-3,261
Block,30,-3,213
Block,-9,-3,156
Block,-33,-3,387
Block,30,-3,291
Block,6,-3,360
Block,-6,-9,480
Block,21,-3,195
Block,-27,-6,441
Block,-21,-3,105
Block,0,-3,366
Block,21,-3,219
Block,-21,-3,366
Block,24,-6,507
Block,9,-6,429
Block,27,-3,81
Block,-75,-6,507
Block,15,-3,150
Block,18,-3,411
Block,-9,-3,411
Block,-6,-3,354
Block,30,-3,135
Block,69,-6,531
Block,45,-6,525
Block,-6,-3,408
Block,-3,-3,162
Block,42,-3,138
Block,51,-3,267
Block,9,-3,33
Block,-57,-6,465
Block,-81,-6,477
Block,69,-6,507
Block,12,-6,519
Block,48,-3,168
Block,42,-3,264
Block,9,-3,291
Block,39,-3,297
Block,-6,-3,420
Block,21,0,-3
Block,21,-3,96
Block,21,-3,342
Block,15,-3,30
Block,-54,-6,486
Block,51,-3,168
Block,6,-3,264
Block,30,-3,123
Block,57,-3,201
Block,6,0,-12
Block,12,-3,102
Block,72,-6,441
Block,-96,-6,486
Block,9,-3,351
Block,-3,-3,324
Block,-51,-6,501
Block,-36,-3,357
Block,18,-3,375
Block,9,-3,186
Block,42,-3,228
Block,33,-3,303
Block,12,-3,84
Block,-30,-6,486
Block,-24,-6,456
Block,-30,-6,504
Block,-3,-3,339
Block,-36,-6,492
Block,3,-3,423
Block,24,-3,237
Block,-21,-6,471
Block,9,-3,24
Block,39,-3,159
Block,-90,-6,477
Block,-3,-6,450
Block,3,-3,117
Block,15,-6,492
Block,6,-6,468
Block,-6,-3,39
Block,51,-6,471
Block,-96,-6,459
Block,-36,-6,525
Block,-45,-6,498
Block,15,-6,507
Block,57,-6,480
Block,6,-3,306
Block,-75,-6,426
Block,-63,-6,432
Block,-18,-3,108
Block,-72,-6,462
Block,-3,-6,456
Block,-9,-3,87
Block,-75,-6,519
Block,-93,-6,501
Block,48,-3,180
Block,-9,-3,42
Block,33,-3,333
Block,-9,-3,294
Block,-42,-6,489
Block,-87,-6,450
Block,12,-3,303
Block,45,-3,201
Block,3,-3,33
Block,27,-6,492
Block,-78,-6,501
Block,-18,-3,378
Block,9,0,-15
Block,-69,-6,480
Block,-33,-6,519
Block,15,-3,111
Block,27,-3,156
Block,24,-3,288
Block,-6,-3,375
Block,-3,0,-3
Block,-54,-6,471
Block,15,-3,369
Block,-57,-6,492
Block,12,-3,171
Block,-30,-6,513
Block,-3,-3,168
Block,42,-6,441
Block,-21,0,-12
Block,39,-6,501
Block,-18,-3,87
Block,24,-3,132
Block,15,-3,66
Block,12,-6,447
Block,30,-6,480
Block,21,-6,444
Block,6,-3,84
Block,-3,-3,399
Block,78,-6,429
Block,33,-3,135
Block,-87,-6,477
Block,36,-3,147
Block,-9,-3,318
Block,15,-3,348
Block,-9,-3,45
Block,33,-6,447
Block,3,-3,21
Block,42,-6,471
Block,-66,-6,444
Block,39,-6,519
Block,48,-3,243
Block,-9,-3,348
Block,45,-3,249
Block,6,-3,348
Block,-54,-6,429
Block,0,-6,456
Block,-30,-6,477
Block,36,-3,171
Block,-54,-6,498
Block,9,-3,111
Block,45,-3,198
Block,15,-3,132
Block,27,-3,177
Block,72,-6,501
Block,-12,-3,111
Block,0,-3,12
Block,72,-6,462
Block,-24,0,3
Block,-9,-3,366
Block,-18,-6,465
Block,9,-3,288
Block,-21,-6,477
Block,12,-3,276
Block,-6,-3,108
Block,15,-6,441
Block,9,-3,129
Block,9,-3,276
Block,33,-6,489
Block,9,-3,309
Block,57,-3,252
Block,9,-3,159
Block,33,-6,435
Block,27,-3,270
Block,-27,-3,96
Block,6,-3,99
Block,-39,-6,468
Block,75,-6,435
Block,33,-3,348
Block,-6,-3,51
Block,27,-3,105
Block,15,-3,360
Block,9,-3,192
Block,6,-3,414
Block,-69,-27,-6
Block,-36,0,0
Block,9,-3,90
Block,24,-3,195
Block,33,-6,456
Block,-27,-6,525
Block,-15,-6,519
Block,12,-3,345
Block,33,-3,312
Block,9,-3,264
Block,-48,-6,471
Block,-60,-6,456
Block,15,-6,480
Block,9,-3,42
Block,27,-3,240
Block,-27,-6,531
Block,3,-6,453
Block,-27,-6,450
Block,12,-3,120
Block,12,-3,246
BackgroundBlock,54,-27,15
Block,33,-6,513
Block,-42,-6,516
Block,18,-3,147
Block,-30,-6,468
Block,48,-6,441
Block,6,-3,237
Block,36,-6,462
Block,-36,-3,381
Block,39,-3,180
Block,39,-3,132
Block,18,-3,273
Block,-3,-3,417
Block,15,-3,204
Block,0,0,-12
Block,-72,-6,477
Block,-96,-6,480
Block,-75,-6,468
Block,51,-6,510
Block,27,-6,429
Block,-99,-6,429
Block,36,-3,165
Block,18,-6,450
Block,18,-3,96
Block,-3,-6,441
Block,6,-3,249
Block,3,-6,471
Block,-9,-3,300
Block,-30,-3,21
Block,3,-3,72
Block,54,-6,465
Block,0,-3,387
Block,48,-3,201
Block,69,-6,447
Block,6,-3,381
Block,-27,-3,87
Block,51,-6,438
Block,63,-6,435
Block,-42,-6,507
Block,42,-3,135
Block,3,-3,348
Block,39,-3,321
Block,54,-3,279
Block,15,-3,81
Block,6,-3,195
Block,27,-6,513
Block,-33,-6,438
Block,45,-3,285
Block,6,-3,276
Block,-30,-3,381
Block,-90,-6,507
Block,21,-3,228
Block,18,-3,222
Block,-27,-3,36
Block,24,-3,318
Block,-72,-6,495
Block,-9,0,-6
Block,48,-6,498
Block,45,-6,450
Block,-51,-6,474
Block,-15,-3,18
Block,-39,-6,528
Block,0,-3,21
Block,-6,-3,144
Block,-9,-3,78
Block,-3,-3,327
Block,18,-3,129
Block,42,-6,516
Block,3,-3,312
Block,30,-3,300
Block,24,-6,510
Block,21,-3,270
Block,-9,-3,330
Block,3,-3,357
Block,6,-6,519
Block,33,-3,249
Block,-24,-6,447
Block,-90,-6,438
Block,-87,-6,447
Block,54,-6,453
Block,-39,-6,453
Block,72,-6,444
Block,0,-3,45
Block,-24,-3,66
Block,0,-3,258
Block,72,-6,471
Block,-33,0,9
Block,12,-3,159
Block,39,-3,285
Block,54,-6,525
Block,6,-3,36
Block,-81,-6,429
Block,12,-3,375
Block,27,-3,237
Block,-12,-6,459
Block,30,-3,303
Block,48,-6,516
Block,-69,-6,522
Block,-66,-6,468
Block,3,-3,90
Block,-75,-6,450
Block,45,-3,213
Block,21,-3,129
Block,72,-6,468
Block,-9,-3,339
Block,-78,-6,426
Block,-84,-6,477
Block,0,-3,414
Block,-78,-6,504
Block,-3,-6,516
Block,51,-6,489
Block,-33,-3,423
Block,54,-6,501
Block,-39,-6,510
Block,-75,-6,489
Block,6,-3,411
Block,-81,-6,486
Block,-21,-3,81
Block,36,-3,246
Block,57,-3,204
Block,-27,0,-9
Block,-87,-6,522
Block,9,-3,207
Block,18,0,-18
Block,15,-3,15
Block,-66,-6,531
Block,57,-6,441
Block,-15,0,6
Block,60,-3,243
Block,12,-3,252
Block,-36,-6,432
Block,-87,-6,486
Block,-72,-6,435
Block,-63,-6,522
Block,-30,-3,369
Block,-60,-6,459
Block,0,-3,39
Block,-90,-6,459
Block,-9,-3,27
Block,33,-6,468
Block,0,-3,33
Block,-21,-6,531
Block,-36,-6,450
Block,18,-6,471
Block,-45,-6,507
Block,3,-3,48
Block,-54,-6,432
Block,30,-6,459
Block,-15,-3,327
Block,-87,-6,441
Block,21,-3,171
Block,-27,-3,39
Block,12,-6,498
Block,-24,-3,24
Block,-78,-6,495
Block,-24,-3,363
Block,24,-3,339
Block,-6,0,6
Block,27,-3,159
Block,78,-6,456
Block,-36,-3,405
Block,39,-3,177
Block,-63,-6,525
Block,0,-3,120
Block,9,-3,174
Block,-18,-3,96
Block,-12,0,-12
Block,-87,-6,438
Block,3,0,0
Block,27,-3,198
Block,27,-3,120
Block,-15,-3,75
Block,-12,-3,366
Block,-90,-6,531
Block,30,-3,243
Block,51,-3,261
Block,15,-3,159
Block,-3,-3,288
Block,21,-3,126
Block,21,-3,156
Block,-99,-6,477
Block,-9,-3,111
Block,-3,-3,183
Block,75,-6,489
Block,15,-3,324
Block,9,-3,201
Block,-81,-6,459
Block,15,-3,375
Block,-9,-6,426
Block,-6,-3,390
Block,18,-3,72
Block,0,-3,132
Block,24,-6,519
Block,9,-6,492
Block,15,-3,57
Block,0,-3,303
Block,-30,-3,405
Block,39,-6,450
Block,24,-3,177
Block,45,-3,159
Block,9,-3,258
Block,-72,-6,432
Block,39,-6,525
Block,-27,-3,33
Block,12,-6,471
Block,-21,-6,450
Block,-9,-6,474
Block,6,-3,144
Block,-48,-6,474
Block,3,-3,57
Block,-48,-6,510
Block,-15,-6,459
Block,30,-6,483
Block,60,-3,240
Block,18,-3,45
Block,30,-3,285
Block,3,-3,174
Block,3,-6,465
Block,-15,-3,81
Block,27,-3,195
Block,9,-3,279
Block,3,-3,111
Block,27,-3,207
Block,-21,-3,381
Block,21,-3,51
Block,60,-3,225
Block,42,-6,444
Block,6,-6,510
Block,-3,-3,285
Block,-21,-3,396
Block,6,-3,294
Block,12,-3,180
Block,-6,0,-3
Block,-21,-3,414
Block,9,-3,204
Block,18,-3,192
Block,42,-3,285
Block,-18,-3,114
Block,51,-6,528
Block,0,-3,309
Block,9,-3,51
Block,0,-6,462
Block,18,-3,69
Block,51,-6,426
Block,66,-6,516
Block,-99,-6,453
Block,9,-6,522
Block,57,-6,528
Block,27,-3,180
Block,45,-3,141
Block,-69,-6,501
Block,-30,-3,420
Block,75,-6,480
Block,-21,-3,336
Block,-48,-6,486
Block,-45,-6,522
Block,-21,-6,507
Block,9,-3,297
Block,3,-3,207
Block,-78,-6,465
Block,-48,-6,432
Block,0,-6,498
Block,-36,-6,429
Block,24,-3,336
Block,15,-3,183
Block,30,-3,159
Block,78,-6,528
Block,60,-6,528
Block,48,-3,219
Block,45,-3,204
Block,45,-3,135
Block,-21,-3,123
Block,48,-3,192
Block,21,-3,246
Block,-18,-6,513
Block,-33,0,-3
Block,36,-6,429
Block,-18,-3,327
Block,-33,-3,27
Block,-3,-3,39
Block,78,-6,474
Block,-39,-6,504
Block,42,-3,246
Block,-24,-3,339
Block,-36,0,-18
Block,63,-6,465
Block,48,-3,267
Block,42,-3,282
Block,27,-6,510
Block,15,-3,300
Block,21,-3,159
Block,6,-3,369
Block,0,0,9
Block,-90,-6,522
Block,-27,-6,498
Block,69,-6,480
Block,12,-3,237
Block,-24,-6,426
Block,9,-3,213
Block,75,-6,501
Block,-27,-6,516
Block,-21,0,3
Block,-33,-6,435
Block,-54,-6,441
Block,-90,-6,435
Block,18,-3,405
Block,72,-6,513
Block,18,-6,447
Block,-18,-3,75
Block,15,-3,309
Block,-12,-3,393
Block,78,-6,513
Block,12,-3,123
Block,-48,-6,429
Block,18,-6,507
Block,-42,-6,471
Block,54,-6,426
Block,18,-3,393
Block,-27,-3,12
Block,21,-3,108
Block,-75,-6,456
Block,36,-3,312
Block,-60,-6,492
Block,42,-6,495
Block,36,-3,102
Block,-30,-3,408
Block,-30,-6,432
Block,27,-3,147
Block,9,-3,348
Block,-12,-3,60
Block,60,-3,192
Block,-21,-3,99
Block,-42,-6,474
Block,12,-3,81
Block,-6,-3,30
Block,-84,-6,462
Block,69,-6,471
Block,-15,-3,348
Block,-69,-6,486
Block,66,-6,453
Block,-12,-3,363
Block,-39,-6,531
Block,36,-3,150
Block,-99,-6,483
Block,42,-3,201
Block,15,-3,90
Block,18,-3,318
Block,51,-6,504
Block,18,0,3
Block,60,-6,525
Block,30,-6,462
Block,15,-3,117
Block,-93,-6,462
Block,-87,-6,471
Block,51,-3,213
Block,9,-3,237
Block,-36,-3,417
Block,-12,-3,102
Block,27,-3,300
Block,-18,-3,12
Block,-15,-3,360
Block,33,-3,120
Block,15,-6,429
Block,69,-6,516
Block,9,-3,399
Block,-81,-6,531
Block,63,-6,489
Block,-24,-6,510
Block,12,-3,363
Block,24,-3,63
Block,-96,-6,501
Block,-9,-6,522
Block,30,-3,156
Block,-36,-6,513
Block,-30,-6,483
Block,-90,-6,501
Block,42,-3,207
Block,45,-3,168
Block,9,-3,177
Block,3,-6,492
Block,-45,-6,468
Block,-18,-3,339
Block,0,0,-9
Block,-21,0,-15
Block,18,-3,420
Block,-81,-6,480
Block,54,-6,480
Block,-24,-3,63
Block,6,-3,186
Block,72,-6,492
Block,6,-3,246
Block,-21,-3,21
Block,24,-3,240
Block,24,-3,345
Block,-6,-3,402
Block,-45,-6,492
Block,21,-3,162
Block,21,-3,288
Block,-18,-3,369
Block,-6,-3,60
Block,30,-3,195
Block,69,-6,489
Block,-12,-3,45
Block,-39,-6,441
Block,12,-3,201
Block,39,-3,141
Block,-24,-6,444
Block,18,-3,399
Block,18,-3,384
Block,9,-3,378
Block,0,-6,426
Block,18,-3,390
Block,21,0,6
Block,0,-6,483
Block,33,-3,144
Block,-84,-6,480
Block,-27,-3,354
Block,60,-6,453
Block,18,0,-9
Block,27,-3,126
Block,48,-3,159
Block,-69,-6,435
Block,-6,-6,501
Block,-9,-3,402
Block,-15,-9,486
Block,57,-6,477
Block,48,-3,189
Block,-72,-6,507
Block,9,-3,417
Block,9,-3,294
Block,-6,-3,372
Block,33,-6,438
Block,39,-3,210
Block,3,-3,309
Block,15,-3,381
Block,51,-3,279
Block,-42,-6,465
Block,-6,-3,327
Block,36,-3,243
Block,-36,-6,468
Block,9,-6,432
Block,-27,0,-15
Block,-9,-6,459
Block,6,-3,66
Block,-75,-6,510
Block,27,-6,438
Block,21,-3,291
Block,21,-6,504
Block,21,0,3
Block,-9,-3,75
Block,-3,-3,81
Block,48,-3,273
Block,12,-3,105
Block,24,-3,138
Block,-24,-9,480
Block,24,-6,459
Block,-93,-6,444
Block,30,-3,165
Block,39,-3,189
Block,-12,-3,402
Block,63,-6,480
Block,12,-3,33
Block,27,-3,339
Block,3,-3,183
Block,3,-3,408
Block,-81,-6,462
Block,9,0,3
Block,-60,-6,468
Block,3,-3,162
Block,54,-3,261
Block,-12,-3,318
Block,15,-3,219
Block,-45,-6,441
Block,15,-3,291
Block,33,-3,126
Block,18,-3,324
Block,24,-6,489
Block,-45,-6,504
Block,-36,-3,363
Block,-75,-6,459
Block,12,-3,165
Block,0,-3,174
Block,66,-6,480
Block,57,-3,237
Block,33,-3,129
Block,18,-3,150
Block,18,-3,138
Block,18,-3,291
Block,-39,-6,429
Block,0,-3,84
Block,78,-6,438
Block,18,-6,522
Block,21,-3,99
Block,-69,-6,456
Block,-9,-3,102
Block,60,-6,507
Block,-57,-6,486
Block,30,-6,453
Block,63,-6,447
Block,-12,-3,321
Block,-87,-6,429
Block,-96,-6,447
Block,36,-3,219
Block,57,-6,489
Block,18,-6,432
Block,-6,-3,300
Block,-18,-6,468
Block,-51,-6,432
Block,-18,0,6
Block,27,-6,432
Block,6,-3,168
Block,-3,-3,117
Block,33,-3,300
Block,-9,0,0
Block,21,-3,327
Block,-15,0,3
Block,-66,-6,459
Block,45,-3,216
Block,60,-6,483
Block,0,-6,432
Block,45,-6,531
Block,12,-6,525
Block,-15,-3,387
Block,3,-3,393
Block,18,-3,75
Block,12,-3,288
Block,36,-3,237
Block,24,-3,321
Block,-18,-3,321
Block,3,-3,120
Block,-75,-6,429
Block,0,-3,393
Block,-57,-6,483
Block,-72,-6,465
Block,9,0,-3
Block,9,-3,144
Block,24,-6,528
Block,-24,-3,42
Block,-36,-3,384
Block,-9,0,-3
Block,-33,-6,480
Block,48,-3,279
Block,0,-3,153
Block,-18,-6,435
Block,-90,-6,513
Block,-24,-3,78
Block,-30,-6,453
Block,12,-3,321
Block,-30,0,6
Block,-15,-9,480
Block,-99,-6,456
Block,-63,-6,441
Block,-48,-6,468
Block,60,-3,210
Block,18,-3,348
Block,-39,-6,519
Block,-6,-3,309
Block,-48,-6,441
Block,42,-3,249
Block,42,-6,513
Block,-33,-3,39
Block,-99,-6,531
Block,-18,-3,324
Block,-36,-6,528
Block,63,-6,462
Block,-6,-3,156
Block,-81,-6,489
Block,3,-3,228
Block,24,-3,279
Block,3,-6,462
Block,15,-6,438
Block,3,-3,375
Block,-12,-6,450
Block,12,-3,318
Block,30,-3,126
Block,-81,-6,492
Block,3,-3,396
Block,39,-6,441
Block,-81,-6,444
Block,24,-6,522
Block,-36,-3,24
Block,6,-6,435
Block,-18,-6,519
Block,18,0,-12
Block,-45,-6,432
Block,12,-6,432
Block,39,-3,273
Block,18,-3,162
Block,42,-6,435
Block,15,0,6
Block,18,-6,513
Block,3,-3,195
Block,0,-3,162
Block,51,-3,231
Block,6,-6,513
Block,-96,-6,441
Block,-84,-6,429
Block,33,-6,450
Block,18,-3,210
Block,3,-3,378
Block,-9,-3,123
Block,-48,-6,519
Block,15,-6,426
Block,12,-3,417
Block,18,-3,225
Block,-3,-3,45
Block,75,-6,510
Block,75,-6,498
Block,0,-3,138
Block,0,-3,408
Block,-18,-3,66
Block,-45,-6,531
Block,-6,-3,147
Block,-27,-6,459
Block,39,-3,168
Block,-21,-6,504
Block,-69,-6,504
Block,-3,-6,510
Block,42,-6,450
Block,45,-3,150
Block,33,-3,267
Block,-6,-3,12
Block,3,0,-9
Block,63,-6,456
Block,12,0,-15
Block,-99,-6,504
Block,-3,-3,411
Block,27,-6,474
Block,9,-6,477
Block,12,-3,78
Block,-9,-3,360
Block,18,-6,510
Block,-24,-6,498
Block,15,-6,513
Block,24,-3,351
Block,60,-3,234
Block,-93,-6,531
Block,36,-3,120
Block,57,-3,207
Block,6,-3,318
Block,-24,-3,399
Block,-33,-6,522
Block,-63,-6,498
Block,-30,-6,447
Block,-33,-3,18
Block,48,-3,204
Block,12,-3,387
Block,15,-3,234
Block,-24,-3,90
Block,6,-6,450
Block,-36,-6,486
Block,24,-3,201
Block,-12,0,0
Block,24,-3,87
Block,21,-3,321
Block,54,-3,246
Block,-51,-6,462
Block,33,-6,507
Block,-84,-6,513
Block,-15,-3,399
Block,-84,-6,525
Block,-21,-3,360
Block,3,-3,240
Block,3,-6,513
Block,-33,-3,60
Block,42,-3,279
Block,18,-3,255
Block,0,-6,528
Block,-9,0,-12
Block,45,-6,489
Block,-75,-6,516
Block,21,-6,459
Block,0,-6,507
Block,33,-3,150
Block,-27,-3,60
Block,-24,-3,72
Block,15,-3,387
Block,-3,-3,57
Block,27,-3,108
Block,6,-3,327
Block,-96,-6,489
Block,-33,-6,477
Block,15,-3,366
Block,60,-6,519
Block,-33,-6,516
Block,3,-3,78
Block,-51,-6,429
Block,72,-6,474
Block,6,-3,330
Block,30,-3,153
Block,-21,-3,378
Block,12,-3,249
Block,-36,-3,396
Block,-69,-6,474
Block,-27,-6,444
Block,18,-3,180
Block,36,-3,270
Block,48,-6,453
Block,-60,-6,498
Block,18,-3,414
Block,57,-6,444
Block,3,-6,525
Block,3,-3,39
Block,3,-3,261
Block,-12,-3,21
Block,60,-6,513
Block,-36,-3,39
Block,72,-6,438
Block,9,-3,57
Block,0,-3,270
Block,18,-3,36
Block,12,-6,480
Block,12,-3,336
Block,75,-6,432
Block,9,-3,96
Block,48,-3,303
Block,30,-3,189
Block,27,-3,309
Block,12,-6,495
Block,-66,-6,498
Block,-48,-6,465
Block,21,-6,486
Block,-84,-6,519
Block,72,-6,447
Block,24,-3,168
Block,18,-3,159
Block,-78,-6,459
Block,15,-3,228
Block,-63,-6,501
Block,0,-3,420
Block,6,0,9
Block,57,-6,453
Block,51,-3,180
Block,63,-6,444
Block,48,-3,174
Block,21,-3,21
Block,21,-3,213
Block,-30,-3,396
Block,69,-6,519
Block,15,-3,162
Block,12,-6,441
Block,3,-6,447
Block,9,-3,285
Block,-3,-3,111
Block,-3,-3,348
Block,30,-3,174
Block,-15,-6,525
Block,-69,-6,426
Block,6,-3,201
Block,-69,-6,513
Block,9,-6,501
Block,-27,-3,369
Block,-36,-6,435
Block,21,-3,27
Block,-27,-3,390
Block,12,-3,156
Block,0,-3,360
Block,39,-3,219
Block,21,-3,63
Block,18,-6,519
Block,18,-3,18
Block,0,-3,135
Block,36,-3,297
Block,33,-3,177
Block,-66,-6,510
Block,9,-6,459
Block,-3,-3,105
Block,30,-6,456
Block,30,-3,111
Block,30,-6,444
Block,-3,-6,483
Block,-87,-6,426
Block,39,-6,438
Block,0,-3,399
Block,-36,-3,21
Block,57,-6,498
Block,-39,-3,369
Block,-24,0,9
Block,15,-3,21
Block,-81,-6,519
Block,12,-3,177
Block,51,-6,432
Block,39,-3,216
Block,36,-6,459
Block,24,-3,327
Block,-60,-6,450
Block,48,-3,225
Block,-63,-6,528
Block,-84,-6,444
Block,-84,-6,459
Block,30,-3,246
Block,48,-6,459
Block,39,-3,240
Block,-15,-6,507
Block,18,-3,330
Block,75,-6,528
Block,48,-6,525
Block,0,-3,99
Block,54,-3,225
Block,12,-3,393
Block,15,-6,453
Block,3,-3,234
Block,0,-3,282
Block,-42,-6,510
Block,54,-3,237
Block,-6,-6,531
Block,51,-3,210
Block,48,-3,141
Block,36,-6,528
Block,51,-6,459
Block,33,-3,207
Block,27,-6,495
Block,15,-3,126
Block,-27,-6,528
Block,33,-3,309
Block,42,-6,465
Block,27,-6,444
Block,72,-6,429
Block,-39,-6,489
Block,78,-6,447
Block,-3,-6,459
Block,9,-3,12
Block,66,-6,531
Block,-27,-3,420
Block,-87,-6,528
Block,-18,-3,24
Block,27,-3,282
Block,27,-6,525
Block,-12,-6,444
Block,-3,-3,123
Block,33,-3,339
Block,78,-6,492
Block,54,-3,249
Block,60,-3,186
Block,-12,-3,327
Block,21,-3,123
Block,-27,-3,84
Block,-6,-3,114
Block,-24,-3,405
Block,30,-6,426
Block,45,-3,132
Block,78,-6,519
Block,-60,-6,525
Block,-12,-3,375
Block,-84,-6,441
Block,36,-3,228
Block,-42,-6,519
Block,33,-3,291
Block,-33,-6,486
Block,48,-6,444
Block,-15,-3,15
Block,-9,-3,390
Block,-3,-3,87
Block,48,-3,258
Block,12,-3,309
Block,-36,-6,519
Block,-66,-6,483
Block,-21,-6,438
Block,-48,-6,516
Block,6,-3,234
Block,18,-3,303
Block,45,-6,480
Block,24,-6,450
Block,12,-3,63
Block,48,-3,150
Block,15,-3,198
Block,15,0,3
Block,18,-3,213
Block,-33,-6,426
Block,3,-3,114
Block,39,-3,249
Block,-24,-6,462
Block,24,-3,294
Block,36,-6,450
Block,18,-3,204
Block,54,-6,489
Block,18,-3,135
Block,42,-6,528
Block,-33,-3,42
Block,0,-3,402
Block,-15,-3,393
Block,66,-6,462
Block,6,-3,207
Block,30,-3,105
Block,9,-3,138
Block,-24,-6,504
Block,18,-6,426
Block,-12,-6,498
Block,-21,-6,498
Block,-60,-6,507
Block,-72,-6,489
Block,9,-3,300
Block,-15,-3,39
Block,12,-3,351
Block,-33,0,6
Block,78,-6,459
Block,-54,-6,489
Block,15,-3,93
Block,48,-3,162
Block,30,-3,330
Block,-57,-6,522
Block,15,-3,264
Block,27,-3,129
Block,18,-3,351
Block,-21,0,6
Block,3,-3,138
Block,-75,-6,453
Block,24,-3,42
Block,18,-3,237
Block,-3,-3,27
Block,-21,-9,483
Block,-36,-3,393
Block,0,-3,75
Block,-6,-6,444
Block,45,-3,282
Block,-36,-6,483
Block,-3,-3,402
Block,6,-6,504
Block,15,-3,63
Block,3,-6,468
Block,33,-3,243
Block,42,-6,429
Block,48,-3,156
Block,9,-6,486
Block,21,-3,249
Block,6,-6,432
Block,-54,-6,501
Block,15,-3,108
Block,27,-3,297
Block,15,0,-3
Block,12,-3,333
Block,-84,-6,522
Block,-21,-3,333
Block,-72,-6,504
Block,-96,-6,528
Block,-33,-6,444
Block,78,-6,471
Block,27,-3,138
Block,21,-3,144
Block,63,-6,441
Block,18,-3,168
Block,0,-3,315
Block,51,-3,237
Block,63,-6,507
Block,-33,-6,489
Block,48,-3,153
Block,12,-3,348
Block,15,-3,78
Block,78,-6,477
Block,-39,-6,477
Block,6,-3,12
Block,-9,-3,114
Block,-51,-6,468
Block,78,-6,489
Block,-21,-3,93
Block,6,-6,495
Block,-21,-3,87
Block,-36,-6,462
Block,15,-3,213
Block,-18,-3,78
Block,45,-3,138
Block,57,-3,198
Block,-90,-6,429
Block,-6,-3,369
Block,39,-6,459
Block,0,-3,126
Block,-99,-6,468
Block,21,-3,48
Block,24,-3,231
Block,9,-3,114
Block,18,-3,282
Block,33,-3,168
Block,21,-3,351
Block,-3,-3,84
Block,39,-6,444
Block,3,-6,486
Block,6,-3,24
Block,-84,-6,474
Block,39,-3,303
Block,63,-6,504
Block,39,-6,465
Block,45,-6,441
Block,-27,-3,375
Block,15,-3,408
Block,3,-3,225
Block,-39,-6,480
Block,-21,-3,411
Block,-87,-6,507
Block,-24,-3,84
Block,24,-3,276
Block,18,-3,117
Block,69,-6,483
Block,-27,0,3
Block,33,-3,279
Block,-21,-3,408
Block,54,-3,243
Block,-96,-6,510
Block,-75,-6,462
Block,-75,-6,498
Block,6,0,0
Block,-90,-6,465
Block,-72,-6,480
Block,-12,-3,348
Block,36,-6,435
Block,30,-3,282
Block,72,-6,504
Block,-24,-3,21
Block,60,-3,204
Block,-9,-9,486
Block,-12,-3,360
Block,24,-3,207
Block,12,-6,435
Block,12,-3,51
Block,18,-3,294
Block,12,-3,234
Block,3,-3,15
Block,9,-6,489
Block,12,-3,189
Block,15,-3,192
Block,27,-6,435
Block,-33,-3,396
Block,42,-3,204
Block,27,-3,261
Block,-60,-6,501
Block,18,-3,102
Block,-39,-6,516
Block,48,-6,519
Block,-24,-3,375
Block,-12,-3,48
Block,-39,-3,390
Block,3,-3,108
Block,45,-6,426
Block,33,-3,162
Block,21,-3,345
Block,3,-6,435
Block,12,-3,366
Block,-12,-6,453
Block,-6,-3,159
Block,3,0,9
Block,-3,0,0
Block,-84,-6,516
Block,15,-6,495
Block,54,-3,210
Block,-90,-6,510
Block,-75,-6,525
Block,-15,-3,411
Block,27,-3,204
Block,-3,-3,300
Block,21,-3,30
Block,-81,-6,435
Block,33,-6,531
Block,57,-6,483
Block,39,-6,429
Block,18,-3,84
Block,-78,-6,510
BackgroundBlock,-66,-27,57
Block,-96,-6,531
Block,48,-6,450
Block,12,-6,522
Block,18,-6,495
Block,75,-6,483
Block,-18,-9,483
Block,6,-3,291
Block,-75,-6,483
Block,-66,-6,480
Block,24,-3,255
Block,12,-3,60
Block,-33,-3,408
Block,-12,-3,408
Block,9,-3,327
Block,33,-3,114
Block,75,-6,468
Block,-9,0,6
Block,24,-3,249
Block,-12,-3,108
Block,27,-6,471
Block,6,-3,177
Block,-6,-6,459
Block,24,-3,102
Block,30,-6,492
Block,18,-3,276
Block,-6,-6,474
Block,-75,-6,480
Block,39,-3,135
Block,36,-3,108
Block,27,-3,225
Block,-21,-3,339
Block,18,-6,480
Block,-6,-3,42
Block,-12,-3,18
Block,-45,-6,480
Block,15,-3,99
Block,-57,-6,477
Block,36,-6,441
Block,-3,-3,369
Block,3,-6,456
Block,-84,-6,471
Block,15,-6,519
Block,-93,-6,477
Block,-18,-3,63
Block,18,-6,492
Block,12,-3,192
Block,-63,-6,426
Block,0,-3,342
Block,75,-6,438
Block,57,-6,438
Block,18,-3,189
Block,12,-3,219
Block,27,-3,150
Block,39,-3,207
Block,33,-3,156
Block,-12,-3,342
Block,48,-3,291
Block,-33,0,-12
Block,21,-3,36
Block,18,-3,63
Block,-3,-6,465
Block,57,-6,432
Block,45,-6,498
Block,-84,-6,531
Block,78,-6,432
Block,-93,-6,495
Block,33,-6,498
Block,-54,-6,513
Block,42,-6,510
Block,54,-6,522
Block,48,-6,501
Block,60,-6,465
Block,-60,-6,522
Block,-48,-6,462
Block,21,0,-9
Block,3,-3,249
Block,-69,-6,528
Block,9,-6,453
Block,-72,-6,525
Block,18,-3,387
Block,12,-6,504
Block,-6,-6,462
Block,12,-6,459
Block,-18,-3,342
Block,-3,-3,156
Block,57,-6,492
Block,54,-3,264
Block,51,-3,240
Block,48,-3,138
Block,-27,-3,396
Block,-9,-3,147
Block,30,-6,513
Block,6,-3,354
Block,12,-3,12
Block,33,-6,510
Block,-51,-6,489
Block,-24,-3,87
Block,-54,-6,510
Block,45,-3,291
Block,39,-6,471
Block,57,-3,216
Block,-18,-3,396
Block,21,-3,243
Block,9,0,-18
Block,-24,-3,48
Block,-12,-6,441
Block,-6,-6,477
Block,12,0,-3
Block,-12,-6,510
Block,27,-3,267
Block,-12,-3,66
Block,-66,-6,435
Block,-27,-3,99
Block,24,-6,531
Block,-63,-6,429
Block,15,-3,240
Block,6,-3,114
Block,6,-3,69
Block,48,-6,471
Block,-33,-3,405
Block,15,-3,39
Block,-6,-3,423
Block,-3,-6,531
Block,12,-3,384
Block,69,-6,465
Block,-90,-6,483
Block,-15,-3,423
Block,-18,0,3
Block,42,-3,291
Block,-24,0,-3
Block,-6,-3,96
Block,9,-3,15
Block,-3,-3,15
Block,-9,-3,309
Block,24,-3,192
Block,66,-6,429
Block,21,-3,294
Block,51,-3,276
Block,21,-3,279
Block,54,-6,510
Block,66,-6,483
Block,21,-3,339
Block,15,-3,210
Block,-27,-3,18
Block,-51,-6,483
Block,9,-6,444
Block,48,-6,531
Block,-6,-9,489
Block,-21,-3,66
Block,-6,-3,315
Block,-96,-6,495
Block,21,-3,135
Block,-51,-6,438
Block,-48,-6,495
Block,0,-6,477
Block,18,-3,339
Block,27,-3,99
Block,39,-6,495
Block,-81,-6,432
Block,-99,-6,528
Block,-99,-6,459
Block,78,-6,504
Block,-99,-6,426
Block,48,-3,186
Block,51,-6,516
Block,6,-3,279
Block,33,-3,324
Block,18,-3,279
Block,54,-6,462
Block,-6,-3,84
Block,9,-3,210
Block,-27,-3,27
Block,-6,-3,297
Block,-6,-3,306
Block,-6,-6,471
Block,24,-3,312
Block,12,-3,411
Block,-21,-3,420
Block,-3,-3,378
Block,-21,-3,384
Block,15,-3,273
Block,72,-6,519
Block,3,-6,432
Block,45,-3,210
Block,-36,-3,27
Block,-69,-6,519
Block,27,-3,258
Block,-75,-6,477
Block,57,-3,249
Block,9,-3,321
Block,33,-3,351
Block,-18,0,-6
Block,-90,-6,462
Block,18,-3,123
Block,-18,-3,126
Block,39,-6,462
Block,27,-6,531
Block,-18,-6,507
Block,75,-6,519
Block,15,-6,474
Block,-90,-6,525
Block,-15,0,-3
Block,-48,-6,501
Block,-6,-3,324
Block,39,-6,510
Block,24,-3,348
Block,-27,-3,15
Block,39,-3,306
Block,33,-3,201
Block,-27,-3,408
Block,6,-3,189
Block,-54,-6,468
Block,9,-3,171
Block,-12,-3,99
Block,-63,-6,495
Block,-39,-6,465
Block,66,-6,522
Block,-9,-3,378
Block,-48,-6,531
Block,15,-3,297
Block,-3,-6,477
Block,36,-6,513
Block,6,-6,489
Block,-39,-6,471
Block,-48,-6,504
Block,24,-3,162
Block,-27,-3,414
Block,15,-3,138
Block,57,-6,516
Block,-21,-3,342
Block,-99,-6,480
Block,-81,-6,525
Block,-93,-6,450
Block,0,-3,357
Block,-15,-9,483
Block,-33,-6,495
Block,12,-3,408
Block,39,-6,435
Block,18,-3,21
Block,3,-3,330
Block,75,-6,441
Block,30,-6,525
Block,9,-3,228
Block,6,-3,255
Block,3,-3,93
Block,18,-3,417
Block,48,-3,255
Block,-18,-6,462
Block,9,-3,393
Block,0,-6,438
Block,18,-3,249
Block,-15,-3,108
Block,24,-3,246
Block,-27,-6,489
Block,-3,-3,273
Block,75,-6,495
Block,-15,-3,381
Block,-48,-6,489
Block,-18,-6,516
Block,54,-6,492
Block,-36,-3,12
Block,3,-6,438
Block,-6,-3,15
Block,-18,-3,348
Block,0,-3,294
Block,-15,0,-15
Block,-54,-6,447
Block,-30,-3,414
Block,27,-3,264
Block,48,-3,165
Block,0,-3,390
Block,-12,-3,378
Block,36,-3,168
Block,-66,-6,477
Block,21,0,0
Block,-9,-3,33
Block,24,-3,72
Block,18,-3,306
Block,-9,-3,345
Block,-84,-6,438
Block,33,-3,183
Block,-60,-6,486
Block,0,-3,339
Block,60,-3,201
Block,33,-6,465
Block,-21,-3,399
Block,-27,-6,486
Block,-99,-6,513
Block,-33,-6,432
Block,12,-3,18
Block,57,-6,495
Block,-9,-6,510
Block,12,-3,75
Block,-21,-3,72
Block,42,-3,225
Block,-21,0,-6
Block,24,-6,513
Block,-27,-3,48
Block,9,-3,216
Block,18,0,0
Block,-9,0,-15
Block,6,-3,357
Block,72,-6,522
Block,12,-3,324
Block,6,-6,531
Block,24,-3,147
Block,9,-3,267
Block,0,-3,108
Block,18,-6,441
Block,-12,-3,30
Block,15,-3,252
Block,-45,-6,483
Block,39,-3,264
Block,-3,-3,387
Block,-36,-6,531
Block,-93,-6,528
Block,-87,-6,465
Block,39,-3,183
Block,-9,-3,54
Block,33,-3,345
Block,-12,-6,462
Block,15,-6,489
Block,12,-3,291
Block,21,-3,276
Block,15,-3,165
Block,27,-3,336
Block,12,-3,390
Block,-33,-6,471
Block,51,-3,177
Block,30,-6,465
Block,12,-3,39
Block,-15,-3,306
Block,-18,-3,54
Block,-72,-6,426
Block,-78,-6,525
Block,12,-6,483
Block,18,-3,216
Block,-12,-6,447
Block,-30,0,-12
Block,-18,0,-3
Block,-78,-6,519
Block,36,-3,327
Block,21,-3,189
Block,78,-6,435
Block,0,-3,57
Block,-18,-3,372
Block,51,-6,498
Block,24,-6,441
Block,-39,-6,507
Block,39,-3,201
Block,3,-3,324
Block,15,-3,216
Block,9,-3,312
Block,75,-6,450
Block,-15,-3,408
Block,51,-6,480
Block,-24,-6,528
Block,-6,-3,93
Block,6,-3,108
Block,33,-3,234
Block,15,-3,27
Block,-9,-3,351
Block,27,-3,183
Block,9,-6,456
Block,18,0,-6
Block,-3,-3,291
Block,54,-3,252
Block,18,-3,207
Block,54,-3,186
Block,18,-3,39
Block,-33,-6,453
Block,-60,-6,510
Block,15,-3,153
Block,-18,-3,381
Block,42,-6,501
Block,39,-3,156
Block,51,-6,495
Block,18,-3,372
Block,30,-3,138
Block,36,-3,321
Block,-9,-6,516
Block,-12,-3,72
Block,-15,-6,435
Block,9,-3,30
Block,15,-3,351
Block,39,-3,258
Block,39,-6,468
Block,18,0,6
Block,-60,-6,531
Block,-75,-6,492
Block,-9,-3,132
Block,-33,-6,504
Block,-93,-6,474
Block,-12,-9,495
Block,-60,-6,432
Block,-99,-6,432
Block,27,-6,447
Block,6,-3,96
Block,18,-3,378
Block,-18,-3,414
Block,3,-3,279
Block,-9,-3,327
Block,15,0,-9
Block,0,-3,171
Block,3,-3,288
Block,-96,-6,432
Block,66,-6,528
Block,-30,-3,417
Block,15,-3,48
Block,9,-3,147
Block,0,-3,306
Block,18,-6,516
Block,21,-3,309
Block,15,-3,201
Block,-6,-6,426
Block,24,-6,516
Block,54,-3,258
Block,-63,-6,477
Block,-9,-6,465
Block,-30,-6,501
Block,15,-3,60
Block,6,-6,516
Block,-72,-6,510
Block,15,-3,378
Block,-96,-6,519
Block,18,-6,528
Block,66,-6,468
Block,57,-6,513
Block,-6,-3,330
Block,-6,-3,75
Block,-66,-6,426
Block,9,-3,363
Block,-12,-3,423
Block,63,-6,519
Block,-12,-6,465
Block,45,-6,495
Block,6,-3,258
Block,-84,-6,489
Block,39,-3,324
BackgroundBlock,-30,-27,222
Block,-9,-3,357
Block,-3,-3,147
Block,48,-6,504
Block,3,-6,474
Block,57,-6,465
Block,33,-6,492
Block,21,-6,480
Block,60,-6,450
Block,9,-3,315
Block,-9,-3,30
Block,15,-3,36
Block,-36,-3,420
Block,33,-6,486
Block,-93,-6,498
Block,-36,-6,489
Block,-33,-6,501
Block,39,-6,447
Block,9,-3,105
Block,-51,-6,504
Block,18,-3,57
Block,-72,-6,528
Block,9,-3,36
Block,30,-3,108
Block,21,-6,489
Block,0,-6,516
Block,-78,-6,492
Block,3,-3,369
Block,60,-3,195
Block,6,-3,396
Block,-99,-6,510
Block,-9,-3,393
Block,12,-3,27
Block,78,-6,495
Block,-72,-6,441
Block,-72,-6,447
Block,-33,-3,12
Block,-12,-3,96
Block,66,-6,504
Block,12,-3,183
Block,-27,0,-12
Block,54,-3,180
Block,-45,-6,474
Block,-18,-3,45
Block,-6,-3,24
Block,60,-3,207
Block,33,-3,306
Block,18,-3,264
Block,36,-3,315
Block,-78,-6,486
Block,42,-3,186
Block,-84,-6,453
BackgroundBlock,51,-27,393
Block,27,-6,507
Block,12,-3,114
Block,36,-3,114
Block,-15,-3,333
Block,57,-6,450
Block,21,-3,87
Block,18,-3,195
Block,15,-3,327
Block,-39,-3,414
Block,0,-3,378
Block,9,0,6
Block,-21,-6,435
Block,24,-6,501
Block,42,-3,231
Block,-63,-6,471
Block,-69,-6,438
Block,-6,-3,18
Block,24,-6,462
Block,45,-3,189
Block,18,-3,201
Block,18,-6,465
Block,-87,-6,468
Block,-6,-3,348
Block,-9,-6,432
Block,-24,-3,69
Block,45,-6,435
Block,30,-3,198
Block,9,-3,303
Block,-21,-3,90
Block,12,-6,456
Block,48,-3,270
Block,-39,-6,513
Block,-90,-6,441
Block,36,-6,525
Block,-51,-6,486
Block,-39,-3,411
Block,21,-6,510
Block,15,-3,174
Block,39,-3,312
Block,0,-3,144
Block,-15,-3,30
Block,-9,-6,444
Block,60,-6,432
Block,-9,-3,36
Block,45,-3,192
Block,-84,-6,498
Block,-63,-6,453
Block,3,-6,459
Block,6,-6,459
Block,-27,-3,78
Block,27,-6,462
Block,-21,-6,465
Block,-63,-6,480
Block,9,-3,18
Block,-6,-3,381
Block,63,-6,522
Block,-21,-3,405
Block,3,-6,450
Block,-60,-6,516
Block,78,-6,465
Block,45,-3,264
Block,9,-6,447
Block,15,-3,357
Block,-36,-6,444
Block,3,-3,270
Block,21,-3,150
Block,42,-6,447
Block,36,-6,471
Block,-30,-3,99
Block,-66,-6,522
Block,24,-3,228
Block,63,-6,510
Block,0,-3,327
Block,-54,-6,519
Block,-21,-3,348
Block,51,-6,486
Block,-51,-6,519
Block,-72,-6,444
Block,18,-3,126
Block,-30,-3,12
Block,-6,-3,417
Block,15,-3,321
Block,-12,-3,351
Block,57,-6,531
Block,6,-3,180
Block,36,-3,126
Block,-15,-3,57
Block,9,-3,381
Block,30,-3,216
Block,15,-3,399
Block,-27,-6,426
Block,30,-6,495
Block,3,-3,264
Block,18,-3,258
Block,3,-3,30
Block,9,-3,333
Block,45,-3,300
Block,-66,-6,507
Block,0,-6,447
Block,9,-3,108
Block,45,-6,516
Block,-24,-3,12
Block,15,-3,96
Block,72,-6,483
Block,-24,-3,345
Block,-6,-6,504
Block,-96,-6,453
Block,3,-3,342
Block,24,-3,90
Block,-24,-3,15
Block,-78,-6,507
Block,-48,-6,435
Block,45,-3,225
Block,6,-3,312
Block,-21,-3,96
Block,-12,-6,504
Block,15,0,9
Block,24,-3,282
Block,30,-3,237
Block,-21,-3,117
Block,21,-3,312
Block,42,-3,270
Block,-84,-6,435
Block,12,-3,210
Block,-78,-6,432
Block,-24,-3,51
Block,69,-6,453
Block,-3,-3,276
Block,30,-6,432
Block,21,-3,204
Block,-27,-3,72
Block,3,-6,441
Block,-33,-6,531
Block,54,-6,435
Block,-24,-3,333
Block,69,-6,492
Block,30,-6,516
Block,0,-3,405
Block,-3,-3,159
Block,63,-6,432
Block,-27,-6,462
Block,-42,-6,492
Block,0,-3,375
Block,-15,-3,90
Block,6,-6,498
Block,-84,-6,495
Block,21,-3,258
Block,75,-6,429
Block,9,-6,462
Block,18,-3,366
Block,18,-3,105
Block,33,-3,255
Block,36,-3,156
Block,-6,-6,498
Block,-30,-3,72
Block,15,-3,147
Block,9,-3,375
Block,21,-3,165
Block,-36,-6,474
Block,-12,-3,354
Block,-66,-6,489
Block,-27,-3,51
Block,36,-3,195
Block,21,-3,72
Block,-96,-6,525
Block,15,-3,372
Block,6,-3,393
Block,21,-3,252
Block,27,-3,165
Block,-9,-3,96
Block,75,-6,507
Block,24,-3,144
Block,3,-3,306
Block,15,-3,123
Block,-87,-6,495
Block,30,-3,309
Block,-21,-3,108
Block,45,-3,186
Block,-81,-6,498
Block,15,-3,225
Block,30,-3,270
Block,27,-3,279
Block,-48,-6,444
Block,51,-3,201
Block,-3,-6,462
Block,-99,-6,435
Block,21,-3,234
Block,-42,-6,528
Block,-33,-3,21
Block,-3,-6,429
Block,-63,-6,492
Block,-21,0,-18
Block,45,-6,474
Block,0,-3,156
Block,6,-3,78
Block,9,-6,480
Block,3,-3,360
Block,51,-3,225
Block,-57,-6,450
Block,-93,-6,525
Block,21,-6,501
Block,36,-3,111
Block,45,-3,258
Block,0,-6,510
Block,-9,-6,501
Block,-24,-3,36
Block,36,-6,489
Block,3,-3,129
Block,6,-6,438
Block,-96,-6,522
Block,57,-6,510
Block,-3,-3,132
Block,-78,-6,531
Block,-30,-6,438
Block,12,-3,30
Block,3,0,-6
Block,12,-3,255
Block,6,-3,297
Block,15,-3,42
Block,12,-3,213
Block,-12,-3,309
Block,6,-3,363
Block,-90,-6,471
Block,-6,-3,99
Block,-3,-6,468
Block,-27,-6,507
Block,36,-3,234
Block,-6,-3,27
Block,-18,-3,39
Block,42,-6,486
Block,-27,-6,504
Block,9,-3,339
Block,-18,-6,471
Block,-12,-9,480
Block,21,-6,522
Block,-33,-6,513
Block,42,-3,237
Block,51,-3,189
Block,42,-3,261
Block,-18,-3,417
Block,9,-3,240
Block,60,-3,222
Block,24,-3,252
Block,-63,-6,489
Block,9,-3,357
Block,12,-3,99
Block,3,-6,495
Block,27,-3,255
Block,-15,-3,126
Block,12,-3,369
Block,-87,-6,444
Block,30,-3,327
Block,-9,-3,408
Block,-27,0,-3
Block,6,-3,378
Block,-96,-6,429
Block,-45,-6,450
Block,33,-6,480
Block,30,-6,519
Block,15,-3,237
Block,27,-3,93
Block,-18,-3,93
Block,0,-3,90
Block,-33,-6,507
BackgroundBlock,66,-27,336
Block,-12,0,-18
Block,-30,-3,54
Block,33,-3,189
Block,-15,-3,72
Block,12,0,-6
Block,-9,-3,48
Block,-30,-6,495
Block,-9,-3,51
Block,54,-3,204
Block,3,-3,66
Block,-3,-3,309
Block,27,-3,351
Block,75,-6,453
Block,-6,-3,81
Block,-6,-6,435
Block,3,-3,381
Block,60,-3,246
Block,21,-3,318
Block,0,-3,180
Block,-51,-6,528
Block,12,-3,267
Block,-51,-6,513
Block,24,-3,198
Block,3,0,-12
Block,63,-6,429
Block,-48,-6,513
Block,18,-3,333
Block,15,-3,69
Block,24,-3,222
Block,6,-3,156
Block,21,-3,117
Block,-24,-3,402
Block,33,-3,111
Block,60,-3,255
Block,-90,-6,447
Block,0,-3,318
Block,-27,-6,453
Block,0,-6,522
Block,12,-6,531
Block,-69,-6,498
Block,-6,-6,507
Block,6,-3,162
Block,-15,-6,477
Block,24,-6,453
Block,-15,-3,42
Block,-27,-6,468
Block,-21,-6,444
Block,-18,-3,306
Block,9,-3,27
Block,-15,-3,336
Block,12,-3,54
Block,0,-6,501
Block,-12,-3,27
Block,12,-3,330
Block,-30,-6,525
Block,-69,-6,531
Block,51,-6,450
Block,-3,-3,129
Block,15,-3,249
Block,-18,-6,459
Block,-57,-6,459
Block,-6,-3,342
Block,-3,-3,381
Block,21,-3,39
Block,36,-3,279
Block,15,-3,45
Block,-6,-3,120
Block,-48,-6,453
Block,3,0,-15
Block,-66,-6,438
Block,-39,-6,459
Block,-3,-3,390
Block,12,0,6
Block,33,-3,330
Block,-9,-6,462
Block,45,-3,243
Block,48,-3,234
Block,-51,-6,477
StartFlag,-3.06,14.5,74.66
Block,6,-6,465
Block,-75,-6,432
Block,12,-3,405
Block,33,-3,147
Block,-18,-6,477
Block,-18,-3,48
Block,12,0,-18
Block,-24,-3,372
Block,-39,-6,432
Block,21,-3,66
Block,-12,0,-15
Block,15,-6,528
Block,78,-6,507
Block,21,-3,216
Block,-6,-6,516
Block,-39,-3,393
Block,-9,-3,417
Block,-6,-6,513
Block,-18,-3,360
Block,33,-3,222
Block,15,0,-18
Block,51,-3,258
Block,72,-6,459
Block,-51,-6,522
Block,15,-3,282
Block,75,-6,426
Block,-54,-6,522
Block,12,-3,153
Block,-21,-3,363
Block,54,-6,519
Block,54,-3,192
Block,0,-6,525
Block,-21,-3,372
Block,-84,-6,510
Block,18,-6,444
Block,-99,-6,441
Block,-75,-6,447
Block,42,-3,294
Block,-24,0,-18
Block,24,-3,309
Block,12,-3,240
Block,-33,-6,441
Block,-30,-6,507
Block,-12,-3,126
Block,-24,-3,39
Block,9,-6,525
Block,-12,-3,336
Block,-99,-6,507
Block,6,-3,93
Block,18,-3,42
Block,33,-3,219
Block,-24,-3,381
Block,-87,-6,513
Block,42,-3,213
Block,57,-6,507
Block,0,-3,18
Block,15,-6,483
Block,-3,-6,474
Block,-15,-6,531
Block,24,-3,93
Block,36,-3,186
Block,3,-3,267
Block,15,-3,72
Block,21,0,-18
Block,-54,-6,438
Block,-12,-3,93
Block,-36,-6,495
Block,3,-3,345
Block,-96,-6,471
Block,36,-3,222
Block,45,-6,453
Block,45,-6,459
Block,15,-3,285
Block,33,-6,426
Block,36,-3,318
Block,-15,-6,516
Block,-27,-6,438
Block,-15,-3,369
Block,-15,0,0
Block,75,-6,444
Block,27,-3,288
Block,-81,-6,495
Block,3,-3,96
Block,-30,-3,42
Block,54,-6,507
Block,12,-3,306
Block,-15,-3,396
Block,-18,-3,81
Block,-3,-3,393
Block,36,-3,183
Block,9,-3,153
Block,15,-3,12
Block,-87,-6,480
Block,-63,-6,531
Block,45,-3,270
Block,-6,-6,465
Block,-12,-6,474
Block,-21,-6,429
Block,-18,-3,384
Block,0,-6,480
Block,-27,0,9
Block,45,-3,195
Block,21,-3,282
Block,33,-3,210
Block,15,-6,456
Block,18,-3,114
Block,12,-6,465
Block,6,-3,405
Block,30,-6,450
Block,-33,-3,63
Block,12,0,9
Block,-21,-3,48
Block,24,-6,435
Block,42,-3,255
Block,-24,-9,495
Block,21,-3,18
Block,6,-3,351
Block,39,-3,327
Block,-3,-3,78
Block,33,-3,195
Block,30,-6,474
Block,57,-3,243
Block,48,-6,474
Block,-24,-6,516
Block,36,-6,507
Block,9,-3,72
Block,-15,-3,114
Block,18,-3,327
Block,-90,-6,468
Block,-27,-3,384
Block,45,-6,477
Block,-33,-3,363
Block,48,-3,231
Block,-21,-3,57
Block,33,-3,297
Block,-24,0,0
Block,0,-3,345
Block,54,-6,516
Block,51,-6,519
Block,-3,-3,135
Block,27,-3,324
Block,6,-6,453
Block,27,-3,72
Block,-45,-6,486
Block,12,-6,507
Block,-9,-3,321
Block,-51,-6,516
Block,12,-3,297
Block,48,-6,447
Block,75,-6,447
Block,36,-3,135
Block,-39,-6,483
Block,-69,-6,444
Block,63,-6,483
Block,60,-6,468
Block,6,0,6
Block,18,-3,363
Block,-12,-9,492
Block,24,-3,219
Block,3,-3,282
Block,-63,-6,483
Block,36,-6,447
Block,6,-3,15
Block,36,-3,285
Block,69,-6,438
Block,39,-3,276
Block,15,-3,87
Block,42,-6,480
Block,45,-3,273
Block,9,-3,354
Block,-36,0,3
Block,-3,-3,69
Block,-27,-3,81
Block,-57,-6,447
Block,9,-3,99
Block,18,-6,504
Block,-33,-6,462
Block,-42,-6,477
Block,-84,-6,501
Block,12,-3,258
Block,3,-3,135
Block,18,0,9
Block,27,-3,189
Block,0,-3,117
Block,54,-3,183
Block,-12,-3,372
Block,-51,-6,471
Block,-60,-6,513
Block,27,-3,222
Block,21,0,-12
Block,78,-6,453
Block,21,-3,33
Block,-63,-6,438
Block,0,-3,312
Block,3,-3,351
Block,69,-6,486
Block,-30,-3,384
Block,-27,-6,456
Block,-66,-6,516
Block,-24,0,-6
Block,3,0,-3
Block,-6,0,-6
Block,6,-6,492
Block,21,0,-6
Block,9,-3,342
Block,3,-3,411
Block,-33,-6,429
Block,-21,-3,63
Block,-45,-6,477
Block,-30,0,-3
Block,-30,0,-9
Block,12,-6,492
Block,-84,-6,507
Block,24,-3,261
Block,-12,-6,429
Block,-18,-6,528
Block,-57,-6,441
Block,42,-3,189
Block,21,-3,348
Block,54,-3,198
Block,-63,-6,444
Block,9,-6,531
Block,72,-6,432
Block,-12,-3,42
Block,66,-6,450
Block,30,-3,204
Block,45,-6,486
Block,-93,-6,480
Block,21,-6,507
Block,-21,-3,39
Block,48,-3,300
Block,-60,-6,438
Block,-18,-3,51
Block,-6,-3,366
Block,54,-3,213
Block,72,-6,531
Block,-12,-3,399
Block,27,-6,480
Block,27,-3,243
Block,-60,-6,474
Block,-30,-6,471
Block,-27,-3,90
Block,-21,-3,102
Block,15,-3,294
Block,-75,-6,504
Block,-27,-6,519
Block,3,-3,399
Block,12,-6,444
Block,27,-3,291
Block,15,-3,342
Block,-21,0,-9
Block,-36,0,9
Block,18,-3,30
Block,0,-6,459
Block,3,-3,327
Block,6,-3,153
Block,-93,-6,468
Block,-6,-3,291
Block,-30,-3,33
Block,-27,-3,357
Block,6,-3,126
Block,-72,-6,498
Block,3,-3,243
Block,66,-6,459
Block,9,-3,252
Block,0,-3,264
Block,39,-3,261
Block,78,-6,450
Block,39,-3,162
Block,69,-6,444
Block,36,-6,495
Block,48,-3,195
Block,33,-3,153
Block,-93,-6,516
Block,-90,-6,426
Block,6,-3,102
Block,-24,-3,414
Block,6,-3,123
Block,-9,-3,405
Block,-21,-6,510
Block,30,-3,219
Block,30,-3,120
Block,-33,-6,465
Block,-21,-3,51
Block,30,-6,429
Block,15,-3,384
Block,-57,-6,513
Block,-42,-6,444
Block,30,-3,312
Block,-51,-6,480
Block,-57,-6,498
Block,-81,-6,513
Block,63,-6,471
Block,45,-6,510
Block,18,-3,315
Block,-30,-6,531
Block,-78,-6,453
Block,-63,-6,462
Block,-15,-3,318
Block,6,-3,105
Block,-3,-3,42
Block,54,-6,441
Block,21,-3,180
Block,9,-3,231
Block,-12,-6,501
Block,6,-3,18
Block,-24,-3,18
Block,-33,0,-15
Block,-21,-3,351
Block,-3,-3,138
Block,36,-3,177
Block,3,-3,402
Block,27,-6,522
Block,30,-3,321
Block,21,-3,114
Block,30,-3,150
Block,-3,-3,279
Block,78,-6,441
Block,6,-3,384
Block,3,-3,315
Block,-3,-3,153
Block,3,-6,519
Block,-6,-3,387
Block,-6,-3,78
Block,24,-3,114
Block,-24,-3,336
Block,15,-6,459
Block,6,-3,150
Block,-63,-6,516
Block,78,-6,525
Block,0,-3,321
Block,-33,-3,417
Block,39,-3,294
Block,24,-3,273
Block,30,-3,324
Block,-6,-9,492
Block,48,-3,177
Block,36,-6,486
Block,-90,-6,504
Block,-15,-3,345
Block,3,-3,63
Block,0,-3,165
Block,-45,-6,501
Block,-18,-3,111
Block,54,-3,165
Block,60,-3,213
Block,51,-3,234
Block,27,-3,318
Block,42,-6,492
Block,-24,-3,75
Block,-21,-3,330
Block,-54,-6,474
Block,3,-3,126
Block,-24,-3,378
Block,-6,-3,363
Block,66,-6,474
Block,-30,-6,444
Block,6,-3,420
Block,18,-3,219
Block,45,-6,444
Block,-45,-6,456
Block,-78,-6,447
Block,60,-6,471
Block,54,-6,471
Block,18,-3,342
Block,63,-6,501
Block,-30,-6,465
Block,15,-3,354
Block,-21,-3,36
Block,-3,-6,495
Block,-30,-6,516
Block,-24,-6,522
Block,-84,-6,447
Block,12,-3,42
Block,-63,-6,513
Block,6,-3,60
Block,66,-6,471
Block,3,-3,153
Block,-18,-6,438
Block,-69,-6,483
Block,-15,-6,510
Block,-33,0,-9
Block,33,-3,132
Block,-27,-3,75
Block,57,-6,501
Block,33,-3,321
Block,-27,-3,93
Block,48,-3,222
Block,21,-6,441
Block,-15,-3,45
Block,12,-3,360
Block,45,-6,483
Block,-18,-3,27
Block,69,-6,441
Block,12,-3,186
Block,-90,-6,489
Block,9,-6,516
Block,-15,-3,54
Block,42,-3,180
Block,12,-3,93
Block,30,-3,141
Block,12,-3,72
Block,3,-3,159
Block,-66,-6,450
Block,-78,-6,441
Block,63,-6,468
Block,57,-3,222
Block,18,-3,153
Block,-69,-6,471
Block,24,-6,504
Block,51,-6,531
Block,-36,-3,369
Block,-6,-6,456
Block,-75,-6,444
Block,3,-3,69
Block,51,-3,186
Block,24,-3,204
Block,33,-6,477
Block,36,-6,477
Block,-72,-6,483
Block,-87,-6,510
Block,-27,0,-18
Block,-99,-6,465
Block,39,-3,204
Block,51,-3,255
Block,-30,-6,459
Block,51,-6,501
Block,-39,-3,372
Block,-27,-3,372
Block,9,-3,384
Block,-93,-6,465
Block,-3,-3,267
Block,45,-6,471
Block,-15,-3,405
Block,39,-3,282
Block,-42,-6,435
Block,42,-3,240
Block,-15,-3,48
Block,15,-6,486
Block,3,-3,54
Block,-42,-6,456
Block,24,-3,105
Block,-12,0,-6
Block,-60,-6,447
Block,-24,-6,513
Block,6,-6,426
Block,-72,-6,531
Block,-39,-3,396
Block,60,-6,435
Block,-15,-3,312
Block,30,-3,129
Block,-57,-6,468
Block,72,-6,498
Block,39,-3,288
Block,-3,0,-12
Block,-36,-3,354
Block,30,-6,489
Block,6,-6,444
Block,-9,-3,384
Block,-30,-3,39
Block,15,-6,504
Block,-93,-6,522
Block,3,-6,429
Block,42,-6,432
Block,3,-3,417
Block,15,-3,168
Block,39,-3,153
Block,27,-3,213
Block,12,-3,24
Block,-18,-3,312
Block,42,-3,195
Block,6,-3,243
Block,6,-6,456
Block,3,-3,198
Block,51,-3,198
Block,12,-3,357
Block,-6,-3,339
Block,-69,-6,477
Block,-27,-3,57
Block,45,-6,492
Block,-15,-3,96
Block,-3,-3,66
Block,69,-6,462
Block,63,-6,492
Block,36,-6,468
Block,3,-3,420
Block,-33,-3,393
Block,6,-6,477
Block,-84,-6,450
Block,21,-3,45
Block,-99,-6,438
Block,27,-3,234
Block,33,-6,528
Block,3,-3,213
Block,45,-3,240
Block,-27,-3,387
Block,-21,-3,369
Block,9,-3,75
Block,24,-3,45
Block,72,-6,477
Block,-9,-9,495
Block,-9,-6,504
Block,30,-3,201
Block,-36,-6,456
Block,33,-3,186
Block,-33,-3,66
Block,-96,-6,498
Block,9,-6,474
Block,45,-6,528
Block,48,-3,228
Block,42,-3,210
Block,66,-6,441
Block,63,-6,525
Block,12,-6,516
Block,6,-3,252
Block,-6,-3,90
Block,-96,-6,474
Block,6,-3,222
Block,-33,-6,528
Block,-27,-3,402
Block,3,-3,42
Block,-12,-6,522
Block,69,-6,522
Block,-15,-6,462
Block,18,-6,486
Block,-27,-6,492
Block,-6,-3,111
Block,15,-3,195
Block,42,-6,426
Block,69,-6,510
Block,0,-3,93
Block,-3,0,3
Block,18,-6,438
Block,42,-3,141
Block,-6,0,-12
Block,0,0,0
Block,-45,-6,516
Block,6,-3,72
Block,18,-3,357
Block,21,-3,210
Block,-12,-6,432
Block,21,-3,60
Block,72,-6,495
Block,6,-3,129
Block,0,-6,486
Block,-18,-3,15
Block,72,-6,525
Block,33,-3,246
Block,45,-3,180
Block,-99,-6,492
Block,39,-3,174
Block,0,-3,183
Block,-9,-3,120
Block,69,-6,474
Block,15,-6,450
Block,6,-3,300
Block,-36,-6,465
Block,57,-6,459
Block,18,-3,141
Block,54,-3,228
Block,78,-6,510
Block,21,-3,264
Block,-57,-6,438
Block,15,0,0
Block,24,-3,342
Block,6,-3,141
Block,0,-6,429
Block,21,-6,513
Block,-15,-3,12
Block,21,-6,429
Block,-18,-3,402
Block,24,-6,429
Block,-3,-6,492
Block,39,-6,516
Block,-12,-3,54
Block,-87,-6,489
Block,33,-3,240
Block,39,-6,474
Block,15,-3,318
Block,-54,-6,459
Block,6,-3,132
Block,-18,-3,123
Block,-27,-6,465
Block,-54,-6,435
Block,24,-3,210
Block,-51,-6,495
Block,27,-3,102
Block,33,-3,174
Block,-9,-3,69
Block,60,-6,504
Block,42,-6,504
Block,-21,-6,528
Block,-81,-6,438
Block,42,-3,297
Block,-3,-3,258
Block,-33,-6,468
Block,33,-3,204
Block,60,-6,480
Block,18,0,-15
Block,36,-3,162
Block,18,-6,531
Block,12,-3,423
Block,-27,-3,54
Block,-18,0,9
Block,60,-6,498
Block,-45,-6,459
Block,9,-3,234
Block,-36,-6,480
Block,-93,-6,438
Block,-66,-6,474
Block,0,0,-15
Block,12,-3,312
Block,-87,-6,432
Block,36,-3,309
Block,-81,-6,453
Block,-90,-6,492
Block,-24,-3,330
Block,-9,-3,363
Block,51,-3,264
Block,15,-6,468
Block,45,-3,246
Block,-96,-6,435
Block,-9,-3,423
Block,-90,-6,519
Block,12,-3,66
Block,12,-3,228
Block,15,-6,501
Block,6,-6,480
Block,-69,-6,441
Block,39,-3,309
Block,-6,-6,432
Block,30,-3,234
Block,15,-3,186
Block,24,-3,183
Block,30,-6,486
Block,42,-3,258
Block,18,-6,459
Block,42,-3,288
Block,24,-6,474
Block,-9,-3,105
Block,33,-3,294
Block,12,-3,204
Block,30,-3,345
Block,-42,-6,525
Block,6,-3,210
Block,3,-3,303
Block,-18,-3,36
Block,-24,-9,489
Block,-81,-6,456
Block,-6,-3,21
Block,12,-6,528
Block,-9,-3,312
Block,-3,-3,96
Block,9,-6,450
Block,0,-3,324
Block,9,-3,396
Block,78,-6,498
Block,-24,-6,525
Block,-3,-3,72
Block,27,-3,249
Block,-12,-3,33
Block,21,-6,525
Block,15,-3,51
Block,3,-3,165
Block,9,0,-9
Block,51,-3,204
Block,12,-3,126
Block,27,-3,132
Block,-57,-6,519
Block,-45,-6,429
Block,6,-3,120
Block,45,-3,255
Block,-45,-6,489
Block,-24,-6,459
Block,-27,0,0
Block,0,-3,273
Block,-81,-6,516
Block,-15,-3,60
Block,-15,-9,489
Block,21,-3,240
Block,54,-3,270
Block,-27,-3,417
Block,36,-6,510
Block,-42,-6,480
Block,63,-6,474
Block,6,-3,273
Block,54,-6,513
Block,-33,-3,69
Block,-60,-6,453
Block,-15,-3,315
Block,15,-6,516
Block,-24,-6,432
Block,27,-3,306
Block,-6,-3,66
Block,9,-3,21
Block,-12,-3,324
Block,-3,-6,525
Block,-15,-3,99
Block,-36,0,-9
Block,57,-6,435
Block,-51,-6,453
Block,39,-3,291
Block,9,-6,510
Block,-21,-3,126
Block,66,-6,447
Block,-15,-3,363
Block,-15,-6,447
Block,78,-6,516
Block,-69,-6,495
Block,33,-3,108
Block,6,-3,336
Block,-66,-6,495
Block,-69,-6,429
Block,15,-3,135
Block,9,-3,168
Block,60,-3,219
Block,18,-3,381
Block,6,-3,228
Block,54,-6,450
Block,-9,-6,471
Block,-3,-3,174
Block,-39,-6,525
Block,51,-6,507
Block,15,-3,339
Block,60,-6,459
Block,-12,-6,507
Block,-24,-6,468
Block,9,-6,426
Block,-39,-6,501
Block,15,-3,231
Block,-27,-3,378
Block,27,-3,327
Block,33,-6,483
Block,30,-3,279
Block,9,-3,165
Block,-12,-3,81
Block,-93,-6,441
Block,48,-3,135
Block,12,-3,90
Block,30,-3,147
Block,9,-3,366
Block,-15,-3,342
Block,-27,-6,471
Block,51,-3,246
Block,-51,-6,444
Block,9,-3,306
Block,-30,-3,78
Block,-12,-3,51
Block,-12,-3,114
Block,3,-3,273
Block,15,-6,465
Block,-18,-3,351
Block,-27,-6,447
Block,-3,-3,93
Block,-24,-3,354
Block,-6,0,-9
Block,-69,-6,462
Block,69,-6,450
Block,57,-3,195
Block,15,-3,279
Block,42,-3,273
Block,21,-3,222
Block,15,-3,417
Block,0,-3,384
Block,45,-3,231
Block,-12,-3,312
Block,18,-3,312
Block,63,-6,426
Block,6,-3,339
Block,-12,-6,471
Block,3,-3,12
Block,-21,-6,441
Block,3,-3,147
Block,-21,0,0
Block,33,-3,264
Block,3,-3,201
Block,66,-6,477
Block,39,-6,486
Block,21,-3,315
Block,15,-3,120
Block,21,-3,12
Block,9,-3,93
Block,51,-6,483
Block,-69,-6,468
Block,15,-3,402
Block,72,-6,426
BackgroundBlock,81,-27,186
Block,24,-3,333
Block,-81,-6,522
Block,3,-3,414
Block,45,-3,147
Block,-42,-6,459
Block,-9,-3,72
Block,39,-3,267
Block,-48,-6,477
Block,-33,-6,447
Block,-27,-6,477
Block,3,-3,60
Block,-9,-3,297
Block,-3,-3,99
Block,-6,-3,87
Block,0,0,6
Block,-21,-3,54
Block,-15,-3,117
Block,51,-6,462
Block,-75,-6,522
Block,63,-6,498
Block,-12,-6,477
Block,-57,-6,474
Block,-90,-6,495
Block,-60,-6,426
Block,-18,-3,33
Block,33,-3,327
Block,-12,-3,129
Block,-36,-6,426
Block,45,-6,507
Block,-21,-6,447
Block,36,-6,432
Block,36,-6,504
Block,0,-3,96
Block,-96,-6,507
Block,-39,-6,435
Block,3,-3,384
Block,-78,-6,438
Block,45,-3,279
Block,48,-3,249
Block,39,-3,237
Block,45,-3,165
Block,27,-6,528
Block,45,-3,171
Block,24,-6,486
Block,51,-3,174
Block,75,-6,471
Block,-6,-3,141
Block,21,-6,498
Block,54,-6,474
Block,33,-6,522
Block,0,-3,129
Block,-54,-6,456
Block,-69,-6,453
Block,3,-3,18
Block,18,-3,231
Block,-9,-3,381
Block,-84,-6,426
Block,18,0,-3
Block,33,-3,102
Block,-3,-3,318
Block,-75,-6,471
Block,6,-6,486
Block,15,-3,141
Block,-6,-3,411
Block,-78,-6,483
Block,54,-3,207
Block,72,-6,510
Block,6,-3,171
Block,75,-6,522
Block,36,-3,252
Block,24,-3,165
Block,15,-6,525
Block,-81,-6,465
Block,-72,-6,453
Block,-39,-3,402
Block,21,-3,192
Block,-24,-3,408
Block,45,-6,429
Block,12,-3,402
Block,24,-3,267
Block,-72,-6,516
Block,51,-6,429
Block,-9,-6,528
Block,12,-3,270
Block,-78,-6,429
Block,-18,-6,525
Block,6,-3,303
Block,42,-6,468
Block,-24,0,-12
Block,-18,0,-9
Block,30,-3,228
Block,-54,-6,528
Block,66,-6,489
Block,18,-3,183
Block,-93,-6,453
Block,3,-6,507
Block,39,-3,186
Block,21,-3,54
Block,21,-6,453
Block,33,-3,237
Block,12,-3,300
Block,-18,-6,531
Block,-6,-6,453
Block,-54,-6,426
Block,66,-6,513
Block,75,-6,474
Block,48,-3,297
Block,-36,-3,402
Block,-42,-6,429
Block,-9,-3,126
Block,-21,-9,495
Block,6,-3,165
Block,39,-6,456
Block,15,-3,177
Block,-15,-3,330
Block,12,-3,381
Block,-90,-6,480
Block,0,-3,336
Block,-12,-6,519
Block,-24,-3,417
Block,21,-6,456
Block,42,-3,144
Block,-69,-6,489
Block,-6,-3,336
Block,-45,-6,447
Block,69,-6,513
Block,-78,-6,528
Block,-6,-3,138
Block,21,-6,438
Block,51,-6,477
Block,66,-6,426
Block,6,-3,192
Block,-18,-9,486
Block,6,-3,387
Block,3,-3,291
Block,-48,-6,450
Block,-12,-3,387
Block,39,-3,171
Block,3,-3,81
Block,42,-6,483
Block,39,-3,315
Block,21,-3,15
Block,21,-6,531
Block,-87,-6,462
Block,12,-3,144
Block,-6,-3,36
Block,9,-3,180
Block,42,-6,462
Block,51,-6,468
Block,12,-3,243
Block,30,-3,351
Block,-33,-3,36
Block,3,-3,51
Block,39,-3,255
Block,-48,-6,525
Block,-3,-3,60
Block,57,-6,525
Block,30,-3,183
Block,24,-3,171
Block,-3,-6,438
Block,-78,-6,450
Block,-81,-6,528
Block,-33,-3,15
Block,21,-3,198
Block,60,-6,510
Block,-63,-6,450
Block,-66,-6,441
Block,21,-3,147
Block,3,-3,24
Block,21,-3,93
Block,-30,-3,354
Block,27,-6,441
Block,24,-3,75
Block,-21,-3,78
Block,-6,-9,483
Block,72,-6,480
Block,3,-3,246
Block,-51,-6,459
Block,-96,-6,456
Block,24,-3,186
Block,-6,-3,288
Block,-12,-3,69
Block,57,-3,213
Block,-78,-6,444
Block,-9,-9,483
Block,-12,-6,525
Block,-3,0,-6
Block,-36,-3,378
Block,-9,-3,333
Block,-15,0,-18
Block,12,-3,150
Block,15,-3,156
Block,-21,-6,516
Block,-93,-6,513
Block,-27,-3,363
Block,24,-3,243
Block,30,-6,498
Block,27,-3,144
Block,-63,-6,459
Block,-3,-3,360
Block,6,-3,324
Block,57,-6,522
Block,36,-6,438
Block,27,-3,315
Block,39,-6,480
Block,-75,-6,474
Block,-54,-6,450
Block,18,-6,474
Block,-15,-3,390
Block,9,-3,249
Block,-15,0,-9
Block,33,-6,429
Block,-75,-6,531
Block,9,-3,411
Block,-15,0,-12
Block,-33,-6,459
Block,-6,0,9
Block,-93,-6,510
Block,-99,-6,501
Block,24,-3,189
Block,18,-6,477
Block,-12,-3,339
Block,-42,-6,483
Block,51,-3,252
Block,-9,-6,519
Block,-15,-3,324
Block,-18,-3,72
Block,-42,-6,501
Block,-90,-6,528
Block,12,-6,450
Block,27,-6,426
Block,21,-3,105
Block,24,-3,156
Block,57,-3,234
Block,-30,-3,372
Block,-18,-3,90
Block,-21,-6,453
Block,39,-3,252
Block,21,0,-15
Block,-69,-6,447
Block,24,-3,291
Block,-99,-6,471
Block,-9,-3,420
Block,-36,-3,36
Block,3,-6,528
Block,60,-6,438
Block,36,-3,291
Block,9,-6,513
Block,51,-3,249
Block,12,-3,45
Block,54,-3,231
Block,42,-3,150
Block,-33,-6,456
Block,57,-3,219
Block,33,-3,276
Block,21,-6,474
Block,-33,-3,54
Block,12,0,-12
Block,54,-3,201
Block,30,-6,531
Block,-27,-3,405
Block,18,-3,336
Block,-30,-3,366
Block,-60,-6,504
Block,-39,-3,399
Block,3,-3,252
Block,-66,-6,465
Block,6,-3,219
Block,51,-6,441
Block,-9,0,9
Block,-18,-3,354
Block,-39,-3,357
Block,-51,-6,498
Block,30,-3,180
Block,-54,-6,516
Block,-15,-6,450
Block,3,-3,210
Block,6,-3,147
Block,-66,-6,462
Block,6,0,3
Block,9,-3,117
Block,33,-3,117
Block,-9,-6,477
Block,-24,-3,369
Block,-3,-3,351
Block,18,-3,246
Block,6,-3,366
Block,-21,-6,426
Block,15,-3,114
Block,-6,-6,441
Block,-24,-6,441
Block,-54,-6,477
Block,-66,-6,456
Block,30,-3,264
Block,21,-3,303
Block,-24,-3,96
Block,21,-3,267
Block,57,-6,429
Block,39,-6,531
Block,-12,0,9
Block,3,-3,387
Block,0,-6,531
Block,15,-3,24
Block,9,-3,402
Block,6,0,-6
Block,-21,-3,30
Block,39,-6,528
Block,36,-6,453
Block,24,-3,270
Block,48,-3,144
Block,-6,0,3
Block,9,-3,261
Block,-21,-3,114
Block,3,-6,477
Block,18,-3,132
Block,42,-3,276
Block,-6,-6,528
Block,3,-3,300
Block,9,-3,150
Block,48,-3,252
Block,-24,-3,366
Block,30,-3,222
Block,48,-3,147
Block,75,-6,462
Block,54,-6,504
Block,54,-6,486
Block,-15,-3,93
Block,12,-3,285
Block,-36,-3,372
Block,6,0,-15
Block,27,-3,342
Block,15,-3,405
Block,48,-6,477
Block,-33,-6,492
Block,9,-6,504
Block,-33,-6,474
Block,12,-3,174
Block,-9,-9,492
Block,9,-3,135
Block,30,-3,315
Block,42,-3,216
Block,54,-6,438
Block,-6,0,-15
Block,-3,-3,177
Block,-21,-3,27
Block,-93,-6,489
Block,21,-3,297
Block,-45,-6,519
Block,27,-3,90
Block,-90,-6,474
Block,24,-6,483
Block,-66,-6,504
Block,9,-3,45
Block,0,-3,261
Block,-33,-3,57
Block,6,-6,522
Block,21,-3,285
Block,6,-3,174
Block,30,-6,501
Block,3,-3,177
Block,-3,-3,303
Block,0,-3,27
Block,51,-3,207
Block,-30,-3,423
Block,-81,-6,510
Block,-30,-3,18
Block,24,-3,126
Block,-78,-6,513
Block,-99,-6,519
